"k","delta","qrpEnv","selProp","tau","method","meanEst","meanD","ME","MSE","coverage","consisZero","ME.D","MSE.D","coverage.D","consisZero.D","n.simulations"
10,0,"none",0,0,"fill",NA,NA,NA,NA,NA,NA,NA,NA,NA,NA,1008
10,0,"none",0,0,"RE",-0.001,NA,-0.001,0,0.963,0.963,NA,NA,NA,0.963,1008
10,0,"none",0,0,"TF",-0.002,NA,-0.002,0,0.943,0.943,NA,NA,NA,0.943,1008
10,0,"none",0,0,"PEESE",-0.002,NA,-0.002,0,0.949,0.949,NA,NA,NA,0.949,1008
10,0,"none",0,0,"PET",-0.005,NA,-0.005,0,0.945,0.945,NA,NA,NA,0.945,1008
10,0,"none",0,0,"PET-PEESE",-0.004,NA,-0.004,0,0.959,0.959,NA,NA,NA,0.959,1008
10,0,"none",0,0,"pcurve",-0.227,0,-0.227,0.051,NA,NA,-0.227,0.051,NA,NA,1008
10,0,"none",0,0.25,"fill",NA,NA,NA,NA,NA,NA,NA,NA,NA,NA,1008
10,0,"none",0,0.25,"RE",-0.001,NA,-0.001,0,0.902,0.902,NA,NA,NA,0.902,1008
10,0,"none",0,0.25,"TF",-0.001,NA,-0.001,0,0.863,0.863,NA,NA,NA,0.863,1008
10,0,"none",0,0.25,"PEESE",0.005,NA,0.005,0,0.919,0.919,NA,NA,NA,0.919,1008
10,0,"none",0,0.25,"PET",0.008,NA,0.008,0,0.923,0.923,NA,NA,NA,0.923,1008
10,0,"none",0,0.25,"PET-PEESE",0.008,NA,0.008,0,0.938,0.938,NA,NA,NA,0.938,1008
10,0,"none",0,0.25,"pcurve",0.186,-0.001,0.186,0.034,NA,NA,0.187,0.035,NA,NA,1008
10,0,"none",0,0.5,"fill",NA,NA,NA,NA,NA,NA,NA,NA,NA,NA,1008
10,0,"none",0,0.5,"RE",0.004,NA,0.004,0,0.91,0.91,NA,NA,NA,0.91,1008
10,0,"none",0,0.5,"TF",0.007,NA,0.007,0,0.899,0.899,NA,NA,NA,0.899,1008
10,0,"none",0,0.5,"PEESE",0.014,NA,0.014,0,0.881,0.881,NA,NA,NA,0.881,1008
10,0,"none",0,0.5,"PET",0.021,NA,0.021,0,0.881,0.881,NA,NA,NA,0.881,1008
10,0,"none",0,0.5,"PET-PEESE",0.023,NA,0.023,0.001,0.909,0.909,NA,NA,NA,0.909,1008
10,0,"none",0,0.5,"pcurve",0.456,0.005,0.456,0.208,NA,NA,0.451,0.203,NA,NA,1008
10,0,"none",0.6,0,"fill",NA,NA,NA,NA,NA,NA,NA,NA,NA,NA,1008
10,0,"none",0.6,0,"RE",0.302,NA,0.302,0.091,0.044,0.044,NA,NA,NA,0.044,1008
10,0,"none",0.6,0,"TF",0.261,NA,0.261,0.068,0.174,0.174,NA,NA,NA,0.174,1008
10,0,"none",0.6,0,"PEESE",0.133,NA,0.133,0.018,0.887,0.887,NA,NA,NA,0.887,1008
10,0,"none",0.6,0,"PET",-0.025,NA,-0.025,0.001,0.951,0.951,NA,NA,NA,0.951,1008
10,0,"none",0.6,0,"PET-PEESE",-0.009,NA,-0.009,0,0.986,0.986,NA,NA,NA,0.986,1008
10,0,"none",0.6,0,"pcurve",-0.13,0,-0.13,0.017,0.856,0.856,-0.13,0.017,0.856,0.856,1008
10,0,"none",0.6,0.25,"fill",NA,NA,NA,NA,NA,NA,NA,NA,NA,NA,1008
10,0,"none",0.6,0.25,"RE",0.331,NA,0.331,0.11,0.131,0.131,NA,NA,NA,0.131,1008
10,0,"none",0.6,0.25,"TF",0.305,NA,0.305,0.093,0.191,0.191,NA,NA,NA,0.191,1008
10,0,"none",0.6,0.25,"PEESE",0.277,NA,0.277,0.077,0.664,0.664,NA,NA,NA,0.664,1008
10,0,"none",0.6,0.25,"PET",0.229,NA,0.229,0.053,0.883,0.883,NA,NA,NA,0.883,1008
10,0,"none",0.6,0.25,"PET-PEESE",0.219,NA,0.219,0.048,0.894,0.894,NA,NA,NA,0.894,1008
10,0,"none",0.6,0.25,"pcurve",0.276,0.197,0.276,0.076,0.692,0.692,0.079,0.006,0.846,0.692,1008
10,0,"none",0.6,0.5,"fill",NA,NA,NA,NA,NA,NA,NA,NA,NA,NA,1008
10,0,"none",0.6,0.5,"RE",0.43,NA,0.43,0.185,0.26,0.26,NA,NA,NA,0.26,1008
10,0,"none",0.6,0.5,"TF",0.385,NA,0.385,0.148,0.359,0.359,NA,NA,NA,0.359,1008
10,0,"none",0.6,0.5,"PEESE",0.351,NA,0.351,0.123,0.751,0.751,NA,NA,NA,0.751,1008
10,0,"none",0.6,0.5,"PET",0.278,NA,0.278,0.077,0.888,0.888,NA,NA,NA,0.888,1008
10,0,"none",0.6,0.5,"PET-PEESE",0.262,NA,0.262,0.069,0.906,0.906,NA,NA,NA,0.906,1008
10,0,"none",0.6,0.5,"pcurve",0.54,0.354,0.54,0.292,0.465,0.465,0.186,0.035,0.745,0.465,1008
10,0,"none",1,0,"fill",NA,NA,NA,NA,NA,NA,NA,NA,NA,NA,1008
10,0,"none",1,0,"RE",0.457,NA,0.457,0.209,0,0,NA,NA,NA,0,1008
10,0,"none",1,0,"TF",0.392,NA,0.392,0.154,0,0,NA,NA,NA,0,1008
10,0,"none",1,0,"PEESE",0.241,NA,0.241,0.058,0.009,0.009,NA,NA,NA,0.009,1008
10,0,"none",1,0,"PET",-0.009,NA,-0.009,0,0.948,0.948,NA,NA,NA,0.948,1008
10,0,"none",1,0,"PET-PEESE",0.004,NA,0.004,0,0.949,0.949,NA,NA,NA,0.949,1008
10,0,"none",1,0,"pcurve",-0.149,0,-0.149,0.022,0.913,0.913,-0.149,0.022,0.913,0.913,1008
10,0,"none",1,0.25,"fill",NA,NA,NA,NA,NA,NA,NA,NA,NA,NA,1008
10,0,"none",1,0.25,"RE",0.495,NA,0.495,0.245,0,0,NA,NA,NA,0,1008
10,0,"none",1,0.25,"TF",0.431,NA,0.431,0.186,0,0,NA,NA,NA,0,1008
10,0,"none",1,0.25,"PEESE",0.322,NA,0.322,0.103,0.052,0.052,NA,NA,NA,0.052,1008
10,0,"none",1,0.25,"PET",0.132,NA,0.132,0.017,0.826,0.826,NA,NA,NA,0.826,1008
10,0,"none",1,0.25,"PET-PEESE",0.145,NA,0.145,0.021,0.828,0.828,NA,NA,NA,0.828,1008
10,0,"none",1,0.25,"pcurve",0.309,0.323,0.309,0.096,0.605,0.605,-0.014,0,0.926,0.605,1008
10,0,"none",1,0.5,"fill",NA,NA,NA,NA,NA,NA,NA,NA,NA,NA,1008
10,0,"none",1,0.5,"RE",0.695,NA,0.695,0.484,0,0,NA,NA,NA,0,1008
10,0,"none",1,0.5,"TF",0.647,NA,0.647,0.418,0,0,NA,NA,NA,0,1008
10,0,"none",1,0.5,"PEESE",0.493,NA,0.493,0.243,0.153,0.153,NA,NA,NA,0.153,1008
10,0,"none",1,0.5,"PET",0.301,NA,0.301,0.091,0.791,0.791,NA,NA,NA,0.791,1008
10,0,"none",1,0.5,"PET-PEESE",0.298,NA,0.298,0.089,0.791,0.791,NA,NA,NA,0.791,1008
10,0,"none",1,0.5,"pcurve",0.572,0.607,0.572,0.328,0.389,0.389,-0.035,0.001,0.947,0.389,1008
10,0.2,"none",0,0,"fill",NA,NA,NA,NA,NA,NA,NA,NA,NA,NA,1008
10,0.2,"none",0,0,"RE",0.201,NA,0.001,0,0.969,0.167,NA,NA,NA,0.167,1008
10,0.2,"none",0,0,"TF",0.198,NA,-0.002,0,0.943,0.218,NA,NA,NA,0.218,1008
10,0.2,"none",0,0,"PEESE",0.19,NA,-0.01,0,0.947,0.663,NA,NA,NA,0.663,1008
10,0.2,"none",0,0,"PET",0.18,NA,-0.02,0,0.943,0.864,NA,NA,NA,0.864,1008
10,0.2,"none",0,0,"PET-PEESE",0.163,NA,-0.037,0.001,0.947,0.867,NA,NA,NA,0.867,1008
10,0.2,"none",0,0,"pcurve",0.032,0.2,-0.168,0.028,NA,NA,-0.168,0.028,NA,NA,1008
10,0.2,"none",0,0.25,"fill",NA,NA,NA,NA,NA,NA,NA,NA,NA,NA,1008
10,0.2,"none",0,0.25,"RE",0.199,NA,-0.001,0,0.922,0.508,NA,NA,NA,0.508,1008
10,0.2,"none",0,0.25,"TF",0.196,NA,-0.004,0,0.886,0.524,NA,NA,NA,0.524,1008
10,0.2,"none",0,0.25,"PEESE",0.183,NA,-0.017,0,0.874,0.784,NA,NA,NA,0.784,1008
10,0.2,"none",0,0.25,"PET",0.166,NA,-0.034,0.001,0.877,0.852,NA,NA,NA,0.852,1008
10,0.2,"none",0,0.25,"PET-PEESE",0.145,NA,-0.055,0.003,0.873,0.871,NA,NA,NA,0.871,1008
10,0.2,"none",0,0.25,"pcurve",0.288,0.2,0.088,0.008,NA,NA,0.088,0.008,NA,NA,1008
10,0.2,"none",0,0.5,"fill",NA,NA,NA,NA,NA,NA,NA,NA,NA,NA,1008
10,0.2,"none",0,0.5,"RE",0.201,NA,0.001,0,0.929,0.749,NA,NA,NA,0.749,1008
10,0.2,"none",0,0.5,"TF",0.194,NA,-0.006,0,0.916,0.742,NA,NA,NA,0.742,1008
10,0.2,"none",0,0.5,"PEESE",0.159,NA,-0.041,0.002,0.896,0.868,NA,NA,NA,0.868,1008
10,0.2,"none",0,0.5,"PET",0.117,NA,-0.083,0.007,0.895,0.895,NA,NA,NA,0.895,1008
10,0.2,"none",0,0.5,"PET-PEESE",0.11,NA,-0.09,0.008,0.894,0.911,NA,NA,NA,0.911,1008
10,0.2,"none",0,0.5,"pcurve",0.543,0.202,0.343,0.118,NA,NA,0.341,0.117,NA,NA,1008
10,0.2,"none",0.6,0,"fill",NA,NA,NA,NA,NA,NA,NA,NA,NA,NA,1008
10,0.2,"none",0.6,0,"RE",0.347,NA,0.147,0.022,0.37,0,NA,NA,NA,0,1008
10,0.2,"none",0.6,0,"TF",0.315,NA,0.115,0.013,0.615,0.003,NA,NA,NA,0.003,1008
10,0.2,"none",0.6,0,"PEESE",0.262,NA,0.062,0.004,0.943,0.336,NA,NA,NA,0.336,1008
10,0.2,"none",0.6,0,"PET",0.17,NA,-0.03,0.001,0.961,0.896,NA,NA,NA,0.896,1008
10,0.2,"none",0.6,0,"PET-PEESE",0.169,NA,-0.031,0.001,0.923,0.899,NA,NA,NA,0.899,1008
10,0.2,"none",0.6,0,"pcurve",0.067,0.2,-0.133,0.018,0.863,0.813,-0.133,0.018,0.863,0.813,1008
10,0.2,"none",0.6,0.25,"fill",NA,NA,NA,NA,NA,NA,NA,NA,NA,NA,1008
10,0.2,"none",0.6,0.25,"RE",0.429,NA,0.229,0.052,0.32,0.009,NA,NA,NA,0.009,1008
10,0.2,"none",0.6,0.25,"TF",0.397,NA,0.197,0.039,0.462,0.028,NA,NA,NA,0.028,1008
10,0.2,"none",0.6,0.25,"PEESE",0.357,NA,0.157,0.025,0.836,0.474,NA,NA,NA,0.474,1008
10,0.2,"none",0.6,0.25,"PET",0.285,NA,0.085,0.007,0.921,0.847,NA,NA,NA,0.847,1008
10,0.2,"none",0.6,0.25,"PET-PEESE",0.267,NA,0.067,0.004,0.849,0.85,NA,NA,NA,0.85,1008
10,0.2,"none",0.6,0.25,"pcurve",0.387,0.334,0.187,0.035,0.717,0.566,0.053,0.003,0.887,0.566,1008
10,0.2,"none",0.6,0.5,"fill",NA,NA,NA,NA,NA,NA,NA,NA,NA,NA,1008
10,0.2,"none",0.6,0.5,"RE",0.552,NA,0.352,0.124,0.364,0.067,NA,NA,NA,0.067,1008
10,0.2,"none",0.6,0.5,"TF",0.506,NA,0.306,0.093,0.462,0.14,NA,NA,NA,0.14,1008
10,0.2,"none",0.6,0.5,"PEESE",0.446,NA,0.246,0.06,0.831,0.633,NA,NA,NA,0.633,1008
10,0.2,"none",0.6,0.5,"PET",0.353,NA,0.153,0.023,0.914,0.866,NA,NA,NA,0.866,1008
10,0.2,"none",0.6,0.5,"PET-PEESE",0.331,NA,0.131,0.017,0.869,0.873,NA,NA,NA,0.873,1008
10,0.2,"none",0.6,0.5,"pcurve",0.607,0.492,0.407,0.166,0.493,0.392,0.115,0.013,0.811,0.392,1008
10,0.2,"none",1,0,"fill",NA,NA,NA,NA,NA,NA,NA,NA,NA,NA,1008
10,0.2,"none",1,0,"RE",0.413,NA,0.213,0.045,0.002,0,NA,NA,NA,0,1008
10,0.2,"none",1,0,"TF",0.354,NA,0.154,0.024,0.239,0,NA,NA,NA,0,1008
10,0.2,"none",1,0,"PEESE",0.243,NA,0.043,0.002,0.811,0.021,NA,NA,NA,0.021,1008
10,0.2,"none",1,0,"PET",0.05,NA,-0.15,0.023,0.534,0.87,NA,NA,NA,0.87,1008
10,0.2,"none",1,0,"PET-PEESE",0.067,NA,-0.133,0.018,0.465,0.872,NA,NA,NA,0.872,1008
10,0.2,"none",1,0,"pcurve",0.09,0.2,-0.11,0.012,0.896,0.809,-0.11,0.012,0.896,0.809,1008
10,0.2,"none",1,0.25,"fill",NA,NA,NA,NA,NA,NA,NA,NA,NA,NA,1008
10,0.2,"none",1,0.25,"RE",0.547,NA,0.347,0.12,0,0,NA,NA,NA,0,1008
10,0.2,"none",1,0.25,"TF",0.488,NA,0.288,0.083,0.043,0,NA,NA,NA,0,1008
10,0.2,"none",1,0.25,"PEESE",0.367,NA,0.167,0.028,0.618,0.086,NA,NA,NA,0.086,1008
10,0.2,"none",1,0.25,"PET",0.178,NA,-0.022,0,0.878,0.797,NA,NA,NA,0.797,1008
10,0.2,"none",1,0.25,"PET-PEESE",0.19,NA,-0.01,0,0.732,0.797,NA,NA,NA,0.797,1008
10,0.2,"none",1,0.25,"pcurve",0.404,0.425,0.204,0.042,0.69,0.484,-0.021,0,0.925,0.484,1008
10,0.2,"none",1,0.5,"fill",NA,NA,NA,NA,NA,NA,NA,NA,NA,NA,1008
10,0.2,"none",1,0.5,"RE",0.754,NA,0.554,0.307,0,0,NA,NA,NA,0,1008
10,0.2,"none",1,0.5,"TF",0.711,NA,0.511,0.261,0.007,0,NA,NA,NA,0,1008
10,0.2,"none",1,0.5,"PEESE",0.543,NA,0.343,0.118,0.537,0.183,NA,NA,NA,0.183,1008
10,0.2,"none",1,0.5,"PET",0.341,NA,0.141,0.02,0.871,0.781,NA,NA,NA,0.781,1008
10,0.2,"none",1,0.5,"PET-PEESE",0.34,NA,0.14,0.02,0.768,0.783,NA,NA,NA,0.783,1008
10,0.2,"none",1,0.5,"pcurve",0.617,0.684,0.417,0.174,0.455,0.374,-0.067,0.004,0.925,0.374,1008
10,0.5,"none",0,0,"fill",NA,NA,NA,NA,NA,NA,NA,NA,NA,NA,1008
10,0.5,"none",0,0,"RE",0.5,NA,0,0,0.961,0,NA,NA,NA,0,1008
10,0.5,"none",0,0,"TF",0.496,NA,-0.004,0,0.94,0,NA,NA,NA,0,1008
10,0.5,"none",0,0,"PEESE",0.483,NA,-0.017,0,0.954,0.112,NA,NA,NA,0.112,1008
10,0.5,"none",0,0,"PET",0.463,NA,-0.037,0.001,0.956,0.529,NA,NA,NA,0.529,1008
10,0.5,"none",0,0,"PET-PEESE",0.435,NA,-0.065,0.004,0.952,0.529,NA,NA,NA,0.529,1008
10,0.5,"none",0,0,"pcurve",0.437,0.5,-0.063,0.004,0.87,0.461,-0.063,0.004,0.87,0.461,1008
10,0.5,"none",0,0.25,"fill",NA,NA,NA,NA,NA,NA,NA,NA,NA,NA,1008
10,0.5,"none",0,0.25,"RE",0.493,NA,-0.007,0,0.92,0.004,NA,NA,NA,0.004,1008
10,0.5,"none",0,0.25,"TF",0.484,NA,-0.016,0,0.884,0.022,NA,NA,NA,0.022,1008
10,0.5,"none",0,0.25,"PEESE",0.465,NA,-0.035,0.001,0.896,0.417,NA,NA,NA,0.417,1008
10,0.5,"none",0,0.25,"PET",0.444,NA,-0.056,0.003,0.904,0.743,NA,NA,NA,0.743,1008
10,0.5,"none",0,0.25,"PET-PEESE",0.404,NA,-0.096,0.009,0.9,0.746,NA,NA,NA,0.746,1008
10,0.5,"none",0,0.25,"pcurve",0.509,0.495,0.009,0,0.83,0.423,0.014,0,0.823,0.423,1008
10,0.5,"none",0,0.5,"fill",NA,NA,NA,NA,NA,NA,NA,NA,NA,NA,1008
10,0.5,"none",0,0.5,"RE",0.498,NA,-0.002,0,0.904,0.196,NA,NA,NA,0.196,1008
10,0.5,"none",0,0.5,"TF",0.486,NA,-0.014,0,0.881,0.232,NA,NA,NA,0.232,1008
10,0.5,"none",0,0.5,"PEESE",0.407,NA,-0.093,0.009,0.891,0.728,NA,NA,NA,0.728,1008
10,0.5,"none",0,0.5,"PET",0.327,NA,-0.173,0.03,0.892,0.879,NA,NA,NA,0.879,1008
10,0.5,"none",0,0.5,"PET-PEESE",0.3,NA,-0.2,0.04,0.892,0.886,NA,NA,NA,0.886,1008
10,0.5,"none",0,0.5,"pcurve",0.738,0.496,0.238,0.057,0.625,0.331,0.242,0.059,0.619,0.331,1008
10,0.5,"none",0.6,0,"fill",NA,NA,NA,NA,NA,NA,NA,NA,NA,NA,1008
10,0.5,"none",0.6,0,"RE",0.549,NA,0.049,0.002,0.922,0,NA,NA,NA,0,1008
10,0.5,"none",0.6,0,"TF",0.523,NA,0.023,0.001,0.933,0,NA,NA,NA,0,1008
10,0.5,"none",0.6,0,"PEESE",0.469,NA,-0.031,0.001,0.938,0.066,NA,NA,NA,0.066,1008
10,0.5,"none",0.6,0,"PET",0.379,NA,-0.121,0.015,0.902,0.547,NA,NA,NA,0.547,1008
10,0.5,"none",0.6,0,"PET-PEESE",0.386,NA,-0.114,0.013,0.904,0.548,NA,NA,NA,0.548,1008
10,0.5,"none",0.6,0,"pcurve",0.468,0.5,-0.032,0.001,0.921,0.409,-0.032,0.001,0.921,0.409,1008
10,0.5,"none",0.6,0.25,"fill",NA,NA,NA,NA,NA,NA,NA,NA,NA,NA,1008
10,0.5,"none",0.6,0.25,"RE",0.617,NA,0.117,0.014,0.762,0,NA,NA,NA,0,1008
10,0.5,"none",0.6,0.25,"TF",0.584,NA,0.084,0.007,0.801,0,NA,NA,NA,0,1008
10,0.5,"none",0.6,0.25,"PEESE",0.512,NA,0.012,0,0.92,0.243,NA,NA,NA,0.243,1008
10,0.5,"none",0.6,0.25,"PET",0.406,NA,-0.094,0.009,0.904,0.713,NA,NA,NA,0.713,1008
10,0.5,"none",0.6,0.25,"PET-PEESE",0.393,NA,-0.107,0.011,0.88,0.714,NA,NA,NA,0.714,1008
10,0.5,"none",0.6,0.25,"pcurve",0.558,0.57,0.058,0.003,0.862,0.385,-0.012,0,0.917,0.385,1008
10,0.5,"none",0.6,0.5,"fill",NA,NA,NA,NA,NA,NA,NA,NA,NA,NA,1008
10,0.5,"none",0.6,0.5,"RE",0.731,NA,0.231,0.054,0.641,0.005,NA,NA,NA,0.005,1008
10,0.5,"none",0.6,0.5,"TF",0.692,NA,0.192,0.037,0.701,0.017,NA,NA,NA,0.017,1008
10,0.5,"none",0.6,0.5,"PEESE",0.566,NA,0.066,0.004,0.902,0.471,NA,NA,NA,0.471,1008
10,0.5,"none",0.6,0.5,"PET",0.422,NA,-0.078,0.006,0.901,0.815,NA,NA,NA,0.815,1008
10,0.5,"none",0.6,0.5,"PET-PEESE",0.395,NA,-0.105,0.011,0.866,0.822,NA,NA,NA,0.822,1008
10,0.5,"none",0.6,0.5,"pcurve",0.737,0.693,0.237,0.056,0.651,0.314,0.044,0.002,0.896,0.314,1008
10,0.5,"none",1,0,"fill",NA,NA,NA,NA,NA,NA,NA,NA,NA,NA,1008
10,0.5,"none",1,0,"RE",0.578,NA,0.078,0.006,0.808,0,NA,NA,NA,0,1008
10,0.5,"none",1,0,"TF",0.54,NA,0.04,0.002,0.886,0,NA,NA,NA,0,1008
10,0.5,"none",1,0,"PEESE",0.445,NA,-0.055,0.003,0.876,0.025,NA,NA,NA,0.025,1008
10,0.5,"none",1,0,"PET",0.297,NA,-0.203,0.041,0.752,0.563,NA,NA,NA,0.563,1008
10,0.5,"none",1,0,"PET-PEESE",0.329,NA,-0.171,0.029,0.779,0.563,NA,NA,NA,0.563,1008
10,0.5,"none",1,0,"pcurve",0.474,0.5,-0.026,0.001,0.922,0.401,-0.026,0.001,0.922,0.401,1008
10,0.5,"none",1,0.25,"fill",NA,NA,NA,NA,NA,NA,NA,NA,NA,NA,1008
10,0.5,"none",1,0.25,"RE",0.68,NA,0.18,0.032,0.365,0,NA,NA,NA,0,1008
10,0.5,"none",1,0.25,"TF",0.629,NA,0.129,0.017,0.572,0,NA,NA,NA,0,1008
10,0.5,"none",1,0.25,"PEESE",0.516,NA,0.016,0,0.866,0.073,NA,NA,NA,0.073,1008
10,0.5,"none",1,0.25,"PET",0.351,NA,-0.149,0.022,0.808,0.679,NA,NA,NA,0.679,1008
10,0.5,"none",1,0.25,"PET-PEESE",0.362,NA,-0.138,0.019,0.771,0.68,NA,NA,NA,0.68,1008
10,0.5,"none",1,0.25,"pcurve",0.565,0.618,0.065,0.004,0.866,0.362,-0.053,0.003,0.928,0.362,1008
10,0.5,"none",1,0.5,"fill",NA,NA,NA,NA,NA,NA,NA,NA,NA,NA,1008
10,0.5,"none",1,0.5,"RE",0.87,NA,0.37,0.137,0.065,0,NA,NA,NA,0,1008
10,0.5,"none",1,0.5,"TF",0.831,NA,0.331,0.11,0.206,0,NA,NA,NA,0,1008
10,0.5,"none",1,0.5,"PEESE",0.652,NA,0.152,0.023,0.81,0.154,NA,NA,NA,0.154,1008
10,0.5,"none",1,0.5,"PET",0.451,NA,-0.049,0.002,0.863,0.746,NA,NA,NA,0.746,1008
10,0.5,"none",1,0.5,"PET-PEESE",0.447,NA,-0.053,0.003,0.753,0.748,NA,NA,NA,0.748,1008
10,0.5,"none",1,0.5,"pcurve",0.726,0.821,0.226,0.051,0.653,0.35,-0.095,0.009,0.927,0.35,1008
10,0.8,"none",0,0,"fill",NA,NA,NA,NA,NA,NA,NA,NA,NA,NA,1008
10,0.8,"none",0,0,"RE",0.799,NA,-0.001,0,0.959,0,NA,NA,NA,0,1008
10,0.8,"none",0,0,"TF",0.793,NA,-0.007,0,0.934,0,NA,NA,NA,0,1008
10,0.8,"none",0,0,"PEESE",0.781,NA,-0.019,0,0.942,0.007,NA,NA,NA,0.007,1008
10,0.8,"none",0,0,"PET",0.764,NA,-0.036,0.001,0.94,0.204,NA,NA,NA,0.204,1008
10,0.8,"none",0,0,"PET-PEESE",0.752,NA,-0.048,0.002,0.945,0.204,NA,NA,NA,0.204,1008
10,0.8,"none",0,0,"pcurve",0.637,0.8,-0.163,0.026,0.907,0.349,-0.163,0.026,0.907,0.349,1008
10,0.8,"none",0,0.25,"fill",NA,NA,NA,NA,NA,NA,NA,NA,NA,NA,1008
10,0.8,"none",0,0.25,"RE",0.801,NA,0.001,0,0.919,0,NA,NA,NA,0,1008
10,0.8,"none",0,0.25,"TF",0.79,NA,-0.01,0,0.882,0,NA,NA,NA,0,1008
10,0.8,"none",0,0.25,"PEESE",0.757,NA,-0.043,0.002,0.886,0.117,NA,NA,NA,0.117,1008
10,0.8,"none",0,0.25,"PET",0.715,NA,-0.085,0.007,0.894,0.537,NA,NA,NA,0.537,1008
10,0.8,"none",0,0.25,"PET-PEESE",0.671,NA,-0.129,0.017,0.892,0.537,NA,NA,NA,0.537,1008
10,0.8,"none",0,0.25,"pcurve",0.695,0.802,-0.105,0.011,0.911,0.316,-0.107,0.011,0.915,0.316,1008
10,0.8,"none",0,0.5,"fill",NA,NA,NA,NA,NA,NA,NA,NA,NA,NA,1008
10,0.8,"none",0,0.5,"RE",0.806,NA,0.006,0,0.913,0.008,NA,NA,NA,0.008,1008
10,0.8,"none",0,0.5,"TF",0.789,NA,-0.011,0,0.901,0.016,NA,NA,NA,0.016,1008
10,0.8,"none",0,0.5,"PEESE",0.684,NA,-0.116,0.013,0.892,0.487,NA,NA,NA,0.487,1008
10,0.8,"none",0,0.5,"PET",0.578,NA,-0.222,0.049,0.897,0.798,NA,NA,NA,0.798,1008
10,0.8,"none",0,0.5,"PET-PEESE",0.534,NA,-0.266,0.071,0.895,0.804,NA,NA,NA,0.804,1008
10,0.8,"none",0,0.5,"pcurve",0.895,0.805,0.095,0.009,0.842,0.284,0.09,0.008,0.844,0.284,1008
10,0.8,"none",0.6,0,"fill",NA,NA,NA,NA,NA,NA,NA,NA,NA,NA,1008
10,0.8,"none",0.6,0,"RE",0.816,NA,0.016,0,0.966,0,NA,NA,NA,0,1008
10,0.8,"none",0.6,0,"TF",0.8,NA,0,0,0.94,0,NA,NA,NA,0,1008
10,0.8,"none",0.6,0,"PEESE",0.758,NA,-0.042,0.002,0.925,0.007,NA,NA,NA,0.007,1008
10,0.8,"none",0.6,0,"PET",0.697,NA,-0.103,0.011,0.92,0.225,NA,NA,NA,0.225,1008
10,0.8,"none",0.6,0,"PET-PEESE",0.713,NA,-0.087,0.008,0.916,0.225,NA,NA,NA,0.225,1008
10,0.8,"none",0.6,0,"pcurve",0.664,0.8,-0.136,0.018,0.919,0.32,-0.136,0.018,0.919,0.32,1008
10,0.8,"none",0.6,0.25,"fill",NA,NA,NA,NA,NA,NA,NA,NA,NA,NA,1008
10,0.8,"none",0.6,0.25,"RE",0.843,NA,0.043,0.002,0.902,0,NA,NA,NA,0,1008
10,0.8,"none",0.6,0.25,"TF",0.815,NA,0.015,0,0.878,0,NA,NA,NA,0,1008
10,0.8,"none",0.6,0.25,"PEESE",0.734,NA,-0.066,0.004,0.895,0.087,NA,NA,NA,0.087,1008
10,0.8,"none",0.6,0.25,"PET",0.632,NA,-0.168,0.028,0.884,0.553,NA,NA,NA,0.553,1008
10,0.8,"none",0.6,0.25,"PET-PEESE",0.619,NA,-0.181,0.033,0.879,0.553,NA,NA,NA,0.553,1008
10,0.8,"none",0.6,0.25,"pcurve",0.683,0.823,-0.117,0.014,0.916,0.339,-0.14,0.02,0.924,0.339,1008
10,0.8,"none",0.6,0.5,"fill",NA,NA,NA,NA,NA,NA,NA,NA,NA,NA,1008
10,0.8,"none",0.6,0.5,"RE",0.94,NA,0.14,0.02,0.804,0,NA,NA,NA,0,1008
10,0.8,"none",0.6,0.5,"TF",0.906,NA,0.106,0.011,0.804,0.007,NA,NA,NA,0.007,1008
10,0.8,"none",0.6,0.5,"PEESE",0.758,NA,-0.042,0.002,0.886,0.293,NA,NA,NA,0.293,1008
10,0.8,"none",0.6,0.5,"PET",0.598,NA,-0.202,0.041,0.886,0.743,NA,NA,NA,0.743,1008
10,0.8,"none",0.6,0.5,"PET-PEESE",0.569,NA,-0.231,0.053,0.862,0.745,NA,NA,NA,0.745,1008
10,0.8,"none",0.6,0.5,"pcurve",0.886,0.919,0.086,0.007,0.848,0.293,-0.033,0.001,0.923,0.293,1008
10,0.8,"none",1,0,"fill",NA,NA,NA,NA,NA,NA,NA,NA,NA,NA,1008
10,0.8,"none",1,0,"RE",0.825,NA,0.025,0.001,0.948,0,NA,NA,NA,0,1008
10,0.8,"none",1,0,"TF",0.802,NA,0.002,0,0.934,0,NA,NA,NA,0,1008
10,0.8,"none",1,0,"PEESE",0.739,NA,-0.061,0.004,0.92,0.011,NA,NA,NA,0.011,1008
10,0.8,"none",1,0,"PET",0.651,NA,-0.149,0.022,0.91,0.26,NA,NA,NA,0.26,1008
10,0.8,"none",1,0,"PET-PEESE",0.685,NA,-0.115,0.013,0.908,0.26,NA,NA,NA,0.26,1008
10,0.8,"none",1,0,"pcurve",0.677,0.8,-0.123,0.015,0.933,0.341,-0.123,0.015,0.933,0.341,1008
10,0.8,"none",1,0.25,"fill",NA,NA,NA,NA,NA,NA,NA,NA,NA,NA,1008
10,0.8,"none",1,0.25,"RE",0.878,NA,0.078,0.006,0.845,0,NA,NA,NA,0,1008
10,0.8,"none",1,0.25,"TF",0.84,NA,0.04,0.002,0.82,0,NA,NA,NA,0,1008
10,0.8,"none",1,0.25,"PEESE",0.733,NA,-0.067,0.005,0.85,0.052,NA,NA,NA,0.052,1008
10,0.8,"none",1,0.25,"PET",0.592,NA,-0.208,0.043,0.826,0.555,NA,NA,NA,0.555,1008
10,0.8,"none",1,0.25,"PET-PEESE",0.595,NA,-0.205,0.042,0.823,0.555,NA,NA,NA,0.555,1008
10,0.8,"none",1,0.25,"pcurve",0.709,0.847,-0.091,0.008,0.93,0.333,-0.138,0.019,0.923,0.333,1008
10,0.8,"none",1,0.5,"fill",NA,NA,NA,NA,NA,NA,NA,NA,NA,NA,1008
10,0.8,"none",1,0.5,"RE",1.018,NA,0.218,0.048,0.636,0,NA,NA,NA,0,1008
10,0.8,"none",1,0.5,"TF",0.985,NA,0.185,0.034,0.687,0,NA,NA,NA,0,1008
10,0.8,"none",1,0.5,"PEESE",0.787,NA,-0.013,0,0.872,0.163,NA,NA,NA,0.163,1008
10,0.8,"none",1,0.5,"PET",0.573,NA,-0.227,0.051,0.838,0.726,NA,NA,NA,0.726,1008
10,0.8,"none",1,0.5,"PET-PEESE",0.562,NA,-0.238,0.057,0.817,0.726,NA,NA,NA,0.726,1008
10,0.8,"none",1,0.5,"pcurve",0.863,0.989,0.063,0.004,0.838,0.306,-0.126,0.016,0.935,0.306,1008
30,0,"none",0,0,"fill",NA,NA,NA,NA,NA,NA,NA,NA,NA,NA,1008
30,0,"none",0,0,"RE",0.001,NA,0.001,0,0.962,0.962,NA,NA,NA,0.962,1008
30,0,"none",0,0,"TF",0.003,NA,0.003,0,0.921,0.921,NA,NA,NA,0.921,1008
30,0,"none",0,0,"PEESE",0.003,NA,0.003,0,0.949,0.949,NA,NA,NA,0.949,1008
30,0,"none",0,0,"PET",0.006,NA,0.006,0,0.944,0.944,NA,NA,NA,0.944,1008
30,0,"none",0,0,"PET-PEESE",0.005,NA,0.005,0,0.962,0.962,NA,NA,NA,0.962,1008
30,0,"none",0,0,"pcurve",-0.167,0,-0.167,0.028,NA,NA,-0.167,0.028,NA,NA,1008
30,0,"none",0,0.25,"fill",NA,NA,NA,NA,NA,NA,NA,NA,NA,NA,1008
30,0,"none",0,0.25,"RE",0.001,NA,0.001,0,0.941,0.941,NA,NA,NA,0.941,1008
30,0,"none",0,0.25,"TF",-0.001,NA,-0.001,0,0.86,0.86,NA,NA,NA,0.86,1008
30,0,"none",0,0.25,"PEESE",0.004,NA,0.004,0,0.87,0.87,NA,NA,NA,0.87,1008
30,0,"none",0,0.25,"PET",0.007,NA,0.007,0,0.863,0.863,NA,NA,NA,0.863,1008
30,0,"none",0,0.25,"PET-PEESE",0.008,NA,0.008,0,0.898,0.898,NA,NA,NA,0.898,1008
30,0,"none",0,0.25,"pcurve",0.195,0.001,0.195,0.038,NA,NA,0.194,0.038,NA,NA,1008
30,0,"none",0,0.5,"fill",NA,NA,NA,NA,NA,NA,NA,NA,NA,NA,1008
30,0,"none",0,0.5,"RE",-0.003,NA,-0.003,0,0.937,0.937,NA,NA,NA,0.937,1008
30,0,"none",0,0.5,"TF",-0.002,NA,-0.002,0,0.892,0.892,NA,NA,NA,0.892,1008
30,0,"none",0,0.5,"PEESE",-0.001,NA,-0.001,0,0.866,0.866,NA,NA,NA,0.866,1008
30,0,"none",0,0.5,"PET",0.001,NA,0.001,0,0.852,0.852,NA,NA,NA,0.852,1008
30,0,"none",0,0.5,"PET-PEESE",0.004,NA,0.004,0,0.887,0.887,NA,NA,NA,0.887,1008
30,0,"none",0,0.5,"pcurve",0.523,-0.003,0.523,0.273,0.443,0.443,0.526,0.276,0.441,0.443,1008
30,0,"none",0.6,0,"fill",NA,NA,NA,NA,NA,NA,NA,NA,NA,NA,1008
30,0,"none",0.6,0,"RE",0.293,NA,0.293,0.086,0,0,NA,NA,NA,0,1008
30,0,"none",0.6,0,"TF",0.245,NA,0.245,0.06,0,0,NA,NA,NA,0,1008
30,0,"none",0.6,0,"PEESE",0.133,NA,0.133,0.018,0.654,0.654,NA,NA,NA,0.654,1008
30,0,"none",0.6,0,"PET",-0.016,NA,-0.016,0,0.941,0.941,NA,NA,NA,0.941,1008
30,0,"none",0.6,0,"PET-PEESE",-0.002,NA,-0.002,0,0.985,0.985,NA,NA,NA,0.985,1008
30,0,"none",0.6,0,"pcurve",-0.091,0,-0.091,0.008,0.945,0.945,-0.091,0.008,0.945,0.945,1008
30,0,"none",0.6,0.25,"fill",NA,NA,NA,NA,NA,NA,NA,NA,NA,NA,1008
30,0,"none",0.6,0.25,"RE",0.328,NA,0.328,0.108,0,0,NA,NA,NA,0,1008
30,0,"none",0.6,0.25,"TF",0.289,NA,0.289,0.084,0.003,0.003,NA,NA,NA,0.003,1008
30,0,"none",0.6,0.25,"PEESE",0.27,NA,0.27,0.073,0.274,0.274,NA,NA,NA,0.274,1008
30,0,"none",0.6,0.25,"PET",0.22,NA,0.22,0.048,0.72,0.72,NA,NA,NA,0.72,1008
30,0,"none",0.6,0.25,"PET-PEESE",0.208,NA,0.208,0.043,0.723,0.723,NA,NA,NA,0.723,1008
30,0,"none",0.6,0.25,"pcurve",0.33,0.193,0.33,0.109,0.342,0.342,0.137,0.019,0.731,0.342,1008
30,0,"none",0.6,0.5,"fill",NA,NA,NA,NA,NA,NA,NA,NA,NA,NA,1008
30,0,"none",0.6,0.5,"RE",0.443,NA,0.443,0.196,0,0,NA,NA,NA,0,1008
30,0,"none",0.6,0.5,"TF",0.365,NA,0.365,0.133,0.038,0.038,NA,NA,NA,0.038,1008
30,0,"none",0.6,0.5,"PEESE",0.368,NA,0.368,0.135,0.366,0.366,NA,NA,NA,0.366,1008
30,0,"none",0.6,0.5,"PET",0.305,NA,0.305,0.093,0.751,0.751,NA,NA,NA,0.751,1008
30,0,"none",0.6,0.5,"PET-PEESE",0.278,NA,0.278,0.077,0.759,0.759,NA,NA,NA,0.759,1008
30,0,"none",0.6,0.5,"pcurve",0.604,0.37,0.604,0.365,0.17,0.17,0.234,0.055,0.461,0.17,1008
30,0,"none",1,0,"fill",NA,NA,NA,NA,NA,NA,NA,NA,NA,NA,1008
30,0,"none",1,0,"RE",0.441,NA,0.441,0.195,0,0,NA,NA,NA,0,1008
30,0,"none",1,0,"TF",0.378,NA,0.378,0.143,0,0,NA,NA,NA,0,1008
30,0,"none",1,0,"PEESE",0.238,NA,0.238,0.057,0,0,NA,NA,NA,0,1008
30,0,"none",1,0,"PET",-0.002,NA,-0.002,0,0.946,0.946,NA,NA,NA,0.946,1008
30,0,"none",1,0,"PET-PEESE",0.01,NA,0.01,0,0.946,0.946,NA,NA,NA,0.946,1008
30,0,"none",1,0,"pcurve",-0.098,0,-0.098,0.01,0.937,0.937,-0.098,0.01,0.937,0.937,1008
30,0,"none",1,0.25,"fill",NA,NA,NA,NA,NA,NA,NA,NA,NA,NA,1008
30,0,"none",1,0.25,"RE",0.484,NA,0.484,0.234,0,0,NA,NA,NA,0,1008
30,0,"none",1,0.25,"TF",0.409,NA,0.409,0.167,0,0,NA,NA,NA,0,1008
30,0,"none",1,0.25,"PEESE",0.319,NA,0.319,0.101,0,0,NA,NA,NA,0,1008
30,0,"none",1,0.25,"PET",0.136,NA,0.136,0.018,0.551,0.551,NA,NA,NA,0.551,1008
30,0,"none",1,0.25,"PET-PEESE",0.198,NA,0.198,0.039,0.551,0.551,NA,NA,NA,0.551,1008
30,0,"none",1,0.25,"pcurve",0.334,0.323,0.334,0.112,0.147,0.147,0.011,0,0.947,0.147,1008
30,0,"none",1,0.5,"fill",NA,NA,NA,NA,NA,NA,NA,NA,NA,NA,1008
30,0,"none",1,0.5,"RE",0.691,NA,0.691,0.477,0,0,NA,NA,NA,0,1008
30,0,"none",1,0.5,"TF",0.604,NA,0.604,0.365,0,0,NA,NA,NA,0,1008
30,0,"none",1,0.5,"PEESE",0.486,NA,0.486,0.236,0,0,NA,NA,NA,0,1008
30,0,"none",1,0.5,"PET",0.296,NA,0.296,0.088,0.513,0.513,NA,NA,NA,0.513,1008
30,0,"none",1,0.5,"PET-PEESE",0.35,NA,0.35,0.123,0.513,0.513,NA,NA,NA,0.513,1008
30,0,"none",1,0.5,"pcurve",0.603,0.605,0.603,0.364,0.068,0.068,-0.002,0,0.959,0.068,1008
30,0.2,"none",0,0,"fill",NA,NA,NA,NA,NA,NA,NA,NA,NA,NA,1008
30,0.2,"none",0,0,"RE",0.198,NA,-0.002,0,0.964,0.001,NA,NA,NA,0.001,1008
30,0.2,"none",0,0,"TF",0.197,NA,-0.003,0,0.912,0.009,NA,NA,NA,0.009,1008
30,0.2,"none",0,0,"PEESE",0.193,NA,-0.007,0,0.938,0.183,NA,NA,NA,0.183,1008
30,0.2,"none",0,0,"PET",0.188,NA,-0.012,0,0.939,0.612,NA,NA,NA,0.612,1008
30,0.2,"none",0,0,"PET-PEESE",0.171,NA,-0.029,0.001,0.939,0.614,NA,NA,NA,0.614,1008
30,0.2,"none",0,0,"pcurve",0.032,0.2,-0.168,0.028,NA,NA,-0.168,0.028,NA,NA,1008
30,0.2,"none",0,0.25,"fill",NA,NA,NA,NA,NA,NA,NA,NA,NA,NA,1008
30,0.2,"none",0,0.25,"RE",0.197,NA,-0.003,0,0.936,0.119,NA,NA,NA,0.119,1008
30,0.2,"none",0,0.25,"TF",0.192,NA,-0.008,0,0.849,0.19,NA,NA,NA,0.19,1008
30,0.2,"none",0,0.25,"PEESE",0.185,NA,-0.015,0,0.884,0.532,NA,NA,NA,0.532,1008
30,0.2,"none",0,0.25,"PET",0.177,NA,-0.023,0.001,0.883,0.77,NA,NA,NA,0.77,1008
30,0.2,"none",0,0.25,"PET-PEESE",0.155,NA,-0.045,0.002,0.882,0.783,NA,NA,NA,0.783,1008
30,0.2,"none",0,0.25,"pcurve",0.394,0.198,0.194,0.038,0.696,0.534,0.196,0.038,0.693,0.534,1008
30,0.2,"none",0,0.5,"fill",NA,NA,NA,NA,NA,NA,NA,NA,NA,NA,1008
30,0.2,"none",0,0.5,"RE",0.208,NA,0.008,0,0.931,0.44,NA,NA,NA,0.44,1008
30,0.2,"none",0,0.5,"TF",0.196,NA,-0.004,0,0.87,0.493,NA,NA,NA,0.493,1008
30,0.2,"none",0,0.5,"PEESE",0.174,NA,-0.026,0.001,0.859,0.736,NA,NA,NA,0.736,1008
30,0.2,"none",0,0.5,"PET",0.149,NA,-0.051,0.003,0.862,0.837,NA,NA,NA,0.837,1008
30,0.2,"none",0,0.5,"PET-PEESE",0.131,NA,-0.069,0.005,0.866,0.858,NA,NA,NA,0.858,1008
30,0.2,"none",0,0.5,"pcurve",0.612,0.206,0.412,0.17,0.462,0.377,0.406,0.165,0.468,0.377,1008
30,0.2,"none",0.6,0,"fill",NA,NA,NA,NA,NA,NA,NA,NA,NA,NA,1008
30,0.2,"none",0.6,0,"RE",0.341,NA,0.141,0.02,0.002,0,NA,NA,NA,0,1008
30,0.2,"none",0.6,0,"TF",0.303,NA,0.103,0.011,0.209,0,NA,NA,NA,0,1008
30,0.2,"none",0.6,0,"PEESE",0.259,NA,0.059,0.004,0.836,0.005,NA,NA,NA,0.005,1008
30,0.2,"none",0.6,0,"PET",0.168,NA,-0.032,0.001,0.948,0.583,NA,NA,NA,0.583,1008
30,0.2,"none",0.6,0,"PET-PEESE",0.191,NA,-0.009,0,0.796,0.583,NA,NA,NA,0.583,1008
30,0.2,"none",0.6,0,"pcurve",0.137,0.2,-0.063,0.004,0.927,0.734,-0.063,0.004,0.927,0.734,1008
30,0.2,"none",0.6,0.25,"fill",NA,NA,NA,NA,NA,NA,NA,NA,NA,NA,1008
30,0.2,"none",0.6,0.25,"RE",0.431,NA,0.231,0.054,0.009,0,NA,NA,NA,0,1008
30,0.2,"none",0.6,0.25,"TF",0.379,NA,0.179,0.032,0.157,0,NA,NA,NA,0,1008
30,0.2,"none",0.6,0.25,"PEESE",0.357,NA,0.157,0.025,0.583,0.062,NA,NA,NA,0.062,1008
30,0.2,"none",0.6,0.25,"PET",0.29,NA,0.09,0.008,0.857,0.557,NA,NA,NA,0.557,1008
30,0.2,"none",0.6,0.25,"PET-PEESE",0.287,NA,0.087,0.008,0.596,0.558,NA,NA,NA,0.558,1008
30,0.2,"none",0.6,0.25,"pcurve",0.435,0.337,0.235,0.055,0.347,0.142,0.098,0.01,0.786,0.142,1008
30,0.2,"none",0.6,0.5,"fill",NA,NA,NA,NA,NA,NA,NA,NA,NA,NA,1008
30,0.2,"none",0.6,0.5,"RE",0.547,NA,0.347,0.121,0.016,0,NA,NA,NA,0,1008
30,0.2,"none",0.6,0.5,"TF",0.456,NA,0.256,0.065,0.274,0.003,NA,NA,NA,0.003,1008
30,0.2,"none",0.6,0.5,"PEESE",0.432,NA,0.232,0.054,0.606,0.22,NA,NA,NA,0.22,1008
30,0.2,"none",0.6,0.5,"PET",0.335,NA,0.135,0.018,0.853,0.688,NA,NA,NA,0.688,1008
30,0.2,"none",0.6,0.5,"PET-PEESE",0.317,NA,0.117,0.014,0.687,0.694,NA,NA,NA,0.694,1008
30,0.2,"none",0.6,0.5,"pcurve",0.67,0.49,0.47,0.221,0.235,0.225,0.18,0.032,0.646,0.225,1008
30,0.2,"none",1,0,"fill",NA,NA,NA,NA,NA,NA,NA,NA,NA,NA,1008
30,0.2,"none",1,0,"RE",0.397,NA,0.197,0.039,0,0,NA,NA,NA,0,1008
30,0.2,"none",1,0,"TF",0.34,NA,0.14,0.02,0,0,NA,NA,NA,0,1008
30,0.2,"none",1,0,"PEESE",0.239,NA,0.039,0.002,0.628,0,NA,NA,NA,0,1008
30,0.2,"none",1,0,"PET",0.052,NA,-0.148,0.022,0.104,0.725,NA,NA,NA,0.725,1008
30,0.2,"none",1,0,"PET-PEESE",0.095,NA,-0.105,0.011,0.082,0.725,NA,NA,NA,0.725,1008
30,0.2,"none",1,0,"pcurve",0.176,0.2,-0.024,0.001,0.947,0.626,-0.024,0.001,0.947,0.626,1008
30,0.2,"none",1,0.25,"fill",NA,NA,NA,NA,NA,NA,NA,NA,NA,NA,1008
30,0.2,"none",1,0.25,"RE",0.545,NA,0.345,0.119,0,0,NA,NA,NA,0,1008
30,0.2,"none",1,0.25,"TF",0.458,NA,0.258,0.066,0,0,NA,NA,NA,0,1008
30,0.2,"none",1,0.25,"PEESE",0.371,NA,0.171,0.029,0.133,0,NA,NA,NA,0,1008
30,0.2,"none",1,0.25,"PET",0.187,NA,-0.013,0,0.84,0.514,NA,NA,NA,0.514,1008
30,0.2,"none",1,0.25,"PET-PEESE",0.252,NA,0.052,0.003,0.419,0.514,NA,NA,NA,0.514,1008
30,0.2,"none",1,0.25,"pcurve",0.436,0.43,0.236,0.056,0.18,0.035,0.006,0,0.945,0.035,1008
30,0.2,"none",1,0.5,"fill",NA,NA,NA,NA,NA,NA,NA,NA,NA,NA,1008
30,0.2,"none",1,0.5,"RE",0.75,NA,0.55,0.303,0,0,NA,NA,NA,0,1008
30,0.2,"none",1,0.5,"TF",0.674,NA,0.474,0.224,0,0,NA,NA,NA,0,1008
30,0.2,"none",1,0.5,"PEESE",0.535,NA,0.335,0.112,0.063,0.001,NA,NA,NA,0.001,1008
30,0.2,"none",1,0.5,"PET",0.34,NA,0.14,0.02,0.785,0.487,NA,NA,NA,0.487,1008
30,0.2,"none",1,0.5,"PET-PEESE",0.4,NA,0.2,0.04,0.474,0.487,NA,NA,NA,0.487,1008
30,0.2,"none",1,0.5,"pcurve",0.673,0.681,0.473,0.223,0.133,0.131,-0.008,0,0.959,0.131,1008
30,0.5,"none",0,0,"fill",NA,NA,NA,NA,NA,NA,NA,NA,NA,NA,1008
30,0.5,"none",0,0,"RE",0.498,NA,-0.002,0,0.963,0,NA,NA,NA,0,1008
30,0.5,"none",0,0,"TF",0.493,NA,-0.007,0,0.905,0,NA,NA,NA,0,1008
30,0.5,"none",0,0,"PEESE",0.485,NA,-0.015,0,0.949,0,NA,NA,NA,0,1008
30,0.5,"none",0,0,"PET",0.474,NA,-0.026,0.001,0.95,0.05,NA,NA,NA,0.05,1008
30,0.5,"none",0,0,"PET-PEESE",0.478,NA,-0.022,0,0.949,0.05,NA,NA,NA,0.05,1008
30,0.5,"none",0,0,"pcurve",0.491,0.5,-0.009,0,0.934,0.17,-0.009,0,0.934,0.17,1008
30,0.5,"none",0,0.25,"fill",NA,NA,NA,NA,NA,NA,NA,NA,NA,NA,1008
30,0.5,"none",0,0.25,"RE",0.501,NA,0.001,0,0.934,0,NA,NA,NA,0,1008
30,0.5,"none",0,0.25,"TF",0.486,NA,-0.014,0,0.843,0,NA,NA,NA,0,1008
30,0.5,"none",0,0.25,"PEESE",0.473,NA,-0.027,0.001,0.863,0.025,NA,NA,NA,0.025,1008
30,0.5,"none",0,0.25,"PET",0.45,NA,-0.05,0.002,0.865,0.377,NA,NA,NA,0.377,1008
30,0.5,"none",0,0.25,"PET-PEESE",0.425,NA,-0.075,0.006,0.861,0.377,NA,NA,NA,0.377,1008
30,0.5,"none",0,0.25,"pcurve",0.618,0.501,0.118,0.014,0.79,0.253,0.117,0.014,0.794,0.253,1008
30,0.5,"none",0,0.5,"fill",NA,NA,NA,NA,NA,NA,NA,NA,NA,NA,1008
30,0.5,"none",0,0.5,"RE",0.5,NA,0,0,0.928,0.001,NA,NA,NA,0.001,1008
30,0.5,"none",0,0.5,"TF",0.476,NA,-0.024,0.001,0.873,0.018,NA,NA,NA,0.018,1008
30,0.5,"none",0,0.5,"PEESE",0.414,NA,-0.086,0.007,0.844,0.349,NA,NA,NA,0.349,1008
30,0.5,"none",0,0.5,"PET",0.351,NA,-0.149,0.022,0.847,0.727,NA,NA,NA,0.727,1008
30,0.5,"none",0,0.5,"PET-PEESE",0.319,NA,-0.181,0.033,0.847,0.738,NA,NA,NA,0.738,1008
30,0.5,"none",0,0.5,"pcurve",0.783,0.501,0.283,0.08,0.547,0.344,0.282,0.079,0.548,0.344,1008
30,0.5,"none",0.6,0,"fill",NA,NA,NA,NA,NA,NA,NA,NA,NA,NA,1008
30,0.5,"none",0.6,0,"RE",0.546,NA,0.046,0.002,0.758,0,NA,NA,NA,0,1008
30,0.5,"none",0.6,0,"TF",0.511,NA,0.011,0,0.916,0,NA,NA,NA,0,1008
30,0.5,"none",0.6,0,"PEESE",0.472,NA,-0.028,0.001,0.91,0,NA,NA,NA,0,1008
30,0.5,"none",0.6,0,"PET",0.391,NA,-0.109,0.012,0.791,0.056,NA,NA,NA,0.056,1008
30,0.5,"none",0.6,0,"PET-PEESE",0.462,NA,-0.038,0.001,0.891,0.056,NA,NA,NA,0.056,1008
30,0.5,"none",0.6,0,"pcurve",0.499,0.5,-0.001,0,0.936,0.076,-0.001,0,0.936,0.076,1008
30,0.5,"none",0.6,0.25,"fill",NA,NA,NA,NA,NA,NA,NA,NA,NA,NA,1008
30,0.5,"none",0.6,0.25,"RE",0.613,NA,0.113,0.013,0.447,0,NA,NA,NA,0,1008
30,0.5,"none",0.6,0.25,"TF",0.554,NA,0.054,0.003,0.743,0,NA,NA,NA,0,1008
30,0.5,"none",0.6,0.25,"PEESE",0.509,NA,0.009,0,0.883,0.003,NA,NA,NA,0.003,1008
30,0.5,"none",0.6,0.25,"PET",0.414,NA,-0.086,0.007,0.821,0.316,NA,NA,NA,0.316,1008
30,0.5,"none",0.6,0.25,"PET-PEESE",0.446,NA,-0.054,0.003,0.798,0.316,NA,NA,NA,0.316,1008
30,0.5,"none",0.6,0.25,"pcurve",0.614,0.568,0.114,0.013,0.736,0.14,0.046,0.002,0.93,0.14,1008
30,0.5,"none",0.6,0.5,"fill",NA,NA,NA,NA,NA,NA,NA,NA,NA,NA,1008
30,0.5,"none",0.6,0.5,"RE",0.728,NA,0.228,0.052,0.235,0,NA,NA,NA,0,1008
30,0.5,"none",0.6,0.5,"TF",0.646,NA,0.146,0.021,0.571,0,NA,NA,NA,0,1008
30,0.5,"none",0.6,0.5,"PEESE",0.575,NA,0.075,0.006,0.848,0.066,NA,NA,NA,0.066,1008
30,0.5,"none",0.6,0.5,"PET",0.446,NA,-0.054,0.003,0.862,0.567,NA,NA,NA,0.567,1008
30,0.5,"none",0.6,0.5,"PET-PEESE",0.445,NA,-0.055,0.003,0.788,0.568,NA,NA,NA,0.568,1008
30,0.5,"none",0.6,0.5,"pcurve",0.8,0.693,0.3,0.09,0.338,0.249,0.107,0.012,0.855,0.249,1008
30,0.5,"none",1,0,"fill",NA,NA,NA,NA,NA,NA,NA,NA,NA,NA,1008
30,0.5,"none",1,0,"RE",0.57,NA,0.07,0.005,0.438,0,NA,NA,NA,0,1008
30,0.5,"none",1,0,"TF",0.519,NA,0.019,0,0.893,0,NA,NA,NA,0,1008
30,0.5,"none",1,0,"PEESE",0.446,NA,-0.054,0.003,0.732,0,NA,NA,NA,0,1008
30,0.5,"none",1,0,"PET",0.312,NA,-0.188,0.035,0.38,0.093,NA,NA,NA,0.093,1008
30,0.5,"none",1,0,"PET-PEESE",0.423,NA,-0.077,0.006,0.701,0.093,NA,NA,NA,0.093,1008
30,0.5,"none",1,0,"pcurve",0.499,0.5,-0.001,0,0.945,0.037,-0.001,0,0.945,0.037,1008
30,0.5,"none",1,0.25,"fill",NA,NA,NA,NA,NA,NA,NA,NA,NA,NA,1008
30,0.5,"none",1,0.25,"RE",0.676,NA,0.176,0.031,0.02,0,NA,NA,NA,0,1008
30,0.5,"none",1,0.25,"TF",0.592,NA,0.092,0.009,0.554,0,NA,NA,NA,0,1008
30,0.5,"none",1,0.25,"PEESE",0.514,NA,0.014,0,0.848,0,NA,NA,NA,0,1008
30,0.5,"none",1,0.25,"PET",0.358,NA,-0.142,0.02,0.677,0.268,NA,NA,NA,0.268,1008
30,0.5,"none",1,0.25,"PET-PEESE",0.444,NA,-0.056,0.003,0.712,0.268,NA,NA,NA,0.268,1008
30,0.5,"none",1,0.25,"pcurve",0.612,0.614,0.112,0.013,0.67,0.072,-0.002,0,0.953,0.072,1008
30,0.5,"none",1,0.5,"fill",NA,NA,NA,NA,NA,NA,NA,NA,NA,NA,1008
30,0.5,"none",1,0.5,"RE",0.873,NA,0.373,0.139,0,0,NA,NA,NA,0,1008
30,0.5,"none",1,0.5,"TF",0.808,NA,0.308,0.095,0.068,0,NA,NA,NA,0,1008
30,0.5,"none",1,0.5,"PEESE",0.655,NA,0.155,0.024,0.657,0,NA,NA,NA,0,1008
30,0.5,"none",1,0.5,"PET",0.462,NA,-0.038,0.001,0.811,0.397,NA,NA,NA,0.397,1008
30,0.5,"none",1,0.5,"PET-PEESE",0.532,NA,0.032,0.001,0.561,0.397,NA,NA,NA,0.397,1008
30,0.5,"none",1,0.5,"pcurve",0.809,0.825,0.309,0.096,0.253,0.196,-0.016,0,0.955,0.196,1008
30,0.8,"none",0,0,"fill",NA,NA,NA,NA,NA,NA,NA,NA,NA,NA,1008
30,0.8,"none",0,0,"RE",0.796,NA,-0.004,0,0.959,0,NA,NA,NA,0,1008
30,0.8,"none",0,0,"TF",0.787,NA,-0.013,0,0.912,0,NA,NA,NA,0,1008
30,0.8,"none",0,0,"PEESE",0.772,NA,-0.028,0.001,0.923,0,NA,NA,NA,0,1008
30,0.8,"none",0,0,"PET",0.751,NA,-0.049,0.002,0.921,0.002,NA,NA,NA,0.002,1008
30,0.8,"none",0,0,"PET-PEESE",0.772,NA,-0.028,0.001,0.923,0.002,NA,NA,NA,0.002,1008
30,0.8,"none",0,0,"pcurve",0.769,0.8,-0.031,0.001,0.953,0.333,-0.031,0.001,0.953,0.333,1008
30,0.8,"none",0,0.25,"fill",NA,NA,NA,NA,NA,NA,NA,NA,NA,NA,1008
30,0.8,"none",0,0.25,"RE",0.797,NA,-0.003,0,0.936,0,NA,NA,NA,0,1008
30,0.8,"none",0,0.25,"TF",0.774,NA,-0.026,0.001,0.817,0,NA,NA,NA,0,1008
30,0.8,"none",0,0.25,"PEESE",0.752,NA,-0.048,0.002,0.852,0,NA,NA,NA,0,1008
30,0.8,"none",0,0.25,"PET",0.715,NA,-0.085,0.007,0.839,0.087,NA,NA,NA,0.087,1008
30,0.8,"none",0,0.25,"PET-PEESE",0.731,NA,-0.069,0.005,0.844,0.087,NA,NA,NA,0.087,1008
30,0.8,"none",0,0.25,"pcurve",0.807,0.803,0.007,0,0.948,0.35,0.004,0,0.949,0.35,1008
30,0.8,"none",0,0.5,"fill",NA,NA,NA,NA,NA,NA,NA,NA,NA,NA,1008
30,0.8,"none",0,0.5,"RE",0.798,NA,-0.002,0,0.925,0,NA,NA,NA,0,1008
30,0.8,"none",0,0.5,"TF",0.759,NA,-0.041,0.002,0.846,0,NA,NA,NA,0,1008
30,0.8,"none",0,0.5,"PEESE",0.668,NA,-0.132,0.017,0.78,0.073,NA,NA,NA,0.073,1008
30,0.8,"none",0,0.5,"PET",0.568,NA,-0.232,0.054,0.801,0.511,NA,NA,NA,0.511,1008
30,0.8,"none",0,0.5,"PET-PEESE",0.551,NA,-0.249,0.062,0.797,0.511,NA,NA,NA,0.511,1008
30,0.8,"none",0,0.5,"pcurve",0.959,0.801,0.159,0.025,0.74,0.303,0.158,0.025,0.743,0.303,1008
30,0.8,"none",0.6,0,"fill",NA,NA,NA,NA,NA,NA,NA,NA,NA,NA,1008
30,0.8,"none",0.6,0,"RE",0.814,NA,0.014,0,0.951,0,NA,NA,NA,0,1008
30,0.8,"none",0.6,0,"TF",0.791,NA,-0.009,0,0.895,0,NA,NA,NA,0,1008
30,0.8,"none",0.6,0,"PEESE",0.76,NA,-0.04,0.002,0.901,0,NA,NA,NA,0,1008
30,0.8,"none",0.6,0,"PET",0.708,NA,-0.092,0.008,0.891,0.002,NA,NA,NA,0.002,1008
30,0.8,"none",0.6,0,"PET-PEESE",0.759,NA,-0.041,0.002,0.9,0.002,NA,NA,NA,0.002,1008
30,0.8,"none",0.6,0,"pcurve",0.775,0.8,-0.025,0.001,0.965,0.314,-0.025,0.001,0.965,0.314,1008
30,0.8,"none",0.6,0.25,"fill",NA,NA,NA,NA,NA,NA,NA,NA,NA,NA,1008
30,0.8,"none",0.6,0.25,"RE",0.846,NA,0.046,0.002,0.874,0,NA,NA,NA,0,1008
30,0.8,"none",0.6,0.25,"TF",0.796,NA,-0.004,0,0.82,0,NA,NA,NA,0,1008
30,0.8,"none",0.6,0.25,"PEESE",0.745,NA,-0.055,0.003,0.815,0,NA,NA,NA,0,1008
30,0.8,"none",0.6,0.25,"PET",0.656,NA,-0.144,0.021,0.774,0.084,NA,NA,NA,0.084,1008
30,0.8,"none",0.6,0.25,"PET-PEESE",0.722,NA,-0.078,0.006,0.803,0.084,NA,NA,NA,0.084,1008
30,0.8,"none",0.6,0.25,"pcurve",0.834,0.829,0.034,0.001,0.952,0.312,0.005,0,0.966,0.312,1008
30,0.8,"none",0.6,0.5,"fill",NA,NA,NA,NA,NA,NA,NA,NA,NA,NA,1008
30,0.8,"none",0.6,0.5,"RE",0.933,NA,0.133,0.018,0.674,0,NA,NA,NA,0,1008
30,0.8,"none",0.6,0.5,"TF",0.868,NA,0.068,0.005,0.776,0,NA,NA,NA,0,1008
30,0.8,"none",0.6,0.5,"PEESE",0.752,NA,-0.048,0.002,0.849,0.021,NA,NA,NA,0.021,1008
30,0.8,"none",0.6,0.5,"PET",0.605,NA,-0.195,0.038,0.777,0.4,NA,NA,NA,0.4,1008
30,0.8,"none",0.6,0.5,"PET-PEESE",0.632,NA,-0.168,0.028,0.766,0.402,NA,NA,NA,0.402,1008
30,0.8,"none",0.6,0.5,"pcurve",0.955,0.912,0.155,0.024,0.691,0.263,0.043,0.002,0.915,0.263,1008
30,0.8,"none",1,0,"fill",NA,NA,NA,NA,NA,NA,NA,NA,NA,NA,1008
30,0.8,"none",1,0,"RE",0.821,NA,0.021,0,0.94,0,NA,NA,NA,0,1008
30,0.8,"none",1,0,"TF",0.788,NA,-0.012,0,0.902,0,NA,NA,NA,0,1008
30,0.8,"none",1,0,"PEESE",0.74,NA,-0.06,0.004,0.816,0,NA,NA,NA,0,1008
30,0.8,"none",1,0,"PET",0.663,NA,-0.137,0.019,0.757,0.001,NA,NA,NA,0.001,1008
30,0.8,"none",1,0,"PET-PEESE",0.74,NA,-0.06,0.004,0.816,0.001,NA,NA,NA,0.001,1008
30,0.8,"none",1,0,"pcurve",0.781,0.8,-0.019,0,0.954,0.31,-0.019,0,0.954,0.31,1008
30,0.8,"none",1,0.25,"fill",NA,NA,NA,NA,NA,NA,NA,NA,NA,NA,1008
30,0.8,"none",1,0.25,"RE",0.876,NA,0.076,0.006,0.693,0,NA,NA,NA,0,1008
30,0.8,"none",1,0.25,"TF",0.804,NA,0.004,0,0.764,0,NA,NA,NA,0,1008
30,0.8,"none",1,0.25,"PEESE",0.736,NA,-0.064,0.004,0.777,0,NA,NA,NA,0,1008
30,0.8,"none",1,0.25,"PET",0.61,NA,-0.19,0.036,0.681,0.096,NA,NA,NA,0.096,1008
30,0.8,"none",1,0.25,"PET-PEESE",0.705,NA,-0.095,0.009,0.76,0.096,NA,NA,NA,0.096,1008
30,0.8,"none",1,0.25,"pcurve",0.825,0.848,0.025,0.001,0.951,0.285,-0.023,0.001,0.956,0.285,1008
30,0.8,"none",1,0.5,"fill",NA,NA,NA,NA,NA,NA,NA,NA,NA,NA,1008
30,0.8,"none",1,0.5,"RE",1.024,NA,0.224,0.05,0.154,0,NA,NA,NA,0,1008
30,0.8,"none",1,0.5,"TF",0.975,NA,0.175,0.03,0.379,0,NA,NA,NA,0,1008
30,0.8,"none",1,0.5,"PEESE",0.798,NA,-0.002,0,0.827,0,NA,NA,NA,0,1008
30,0.8,"none",1,0.5,"PET",0.605,NA,-0.195,0.038,0.734,0.301,NA,NA,NA,0.301,1008
30,0.8,"none",1,0.5,"PET-PEESE",0.691,NA,-0.109,0.012,0.731,0.301,NA,NA,NA,0.301,1008
30,0.8,"none",1,0.5,"pcurve",0.968,0.996,0.168,0.028,0.634,0.218,-0.028,0.001,0.95,0.218,1008
60,0,"none",0,0,"fill",NA,NA,NA,NA,NA,NA,NA,NA,NA,NA,1008
60,0,"none",0,0,"RE",-0.001,NA,-0.001,0,0.946,0.946,NA,NA,NA,0.946,1008
60,0,"none",0,0,"TF",-0.001,NA,-0.001,0,0.874,0.874,NA,NA,NA,0.874,1008
60,0,"none",0,0,"PEESE",-0.001,NA,-0.001,0,0.949,0.949,NA,NA,NA,0.949,1008
60,0,"none",0,0,"PET",-0.002,NA,-0.002,0,0.952,0.952,NA,NA,NA,0.952,1008
60,0,"none",0,0,"PET-PEESE",-0.001,NA,-0.001,0,0.968,0.968,NA,NA,NA,0.968,1008
60,0,"none",0,0,"pcurve",-0.265,0,-0.265,0.07,NA,NA,-0.265,0.07,NA,NA,1008
60,0,"none",0,0.25,"fill",NA,NA,NA,NA,NA,NA,NA,NA,NA,NA,1008
60,0,"none",0,0.25,"RE",0.002,NA,0.002,0,0.952,0.952,NA,NA,NA,0.952,1008
60,0,"none",0,0.25,"TF",0,NA,0,0,0.788,0.788,NA,NA,NA,0.788,1008
60,0,"none",0,0.25,"PEESE",0.001,NA,0.001,0,0.866,0.866,NA,NA,NA,0.866,1008
60,0,"none",0,0.25,"PET",-0.001,NA,-0.001,0,0.86,0.86,NA,NA,NA,0.86,1008
60,0,"none",0,0.25,"PET-PEESE",-0.001,NA,-0.001,0,0.884,0.884,NA,NA,NA,0.884,1008
60,0,"none",0,0.25,"pcurve",0.265,0.002,0.265,0.07,NA,NA,0.263,0.069,NA,NA,1008
60,0,"none",0,0.5,"fill",NA,NA,NA,NA,NA,NA,NA,NA,NA,NA,1008
60,0,"none",0,0.5,"RE",0.003,NA,0.003,0,0.943,0.943,NA,NA,NA,0.943,1008
60,0,"none",0,0.5,"TF",0,NA,0,0,0.812,0.812,NA,NA,NA,0.812,1008
60,0,"none",0,0.5,"PEESE",0.003,NA,0.003,0,0.855,0.855,NA,NA,NA,0.855,1008
60,0,"none",0,0.5,"PET",0.005,NA,0.005,0,0.853,0.853,NA,NA,NA,0.853,1008
60,0,"none",0,0.5,"PET-PEESE",0.006,NA,0.006,0,0.887,0.887,NA,NA,NA,0.887,1008
60,0,"none",0,0.5,"pcurve",0.586,0.003,0.586,0.343,0.338,0.338,0.583,0.339,0.34,0.338,1008
60,0,"none",0.6,0,"fill",NA,NA,NA,NA,NA,NA,NA,NA,NA,NA,1008
60,0,"none",0.6,0,"RE",0.292,NA,0.292,0.085,0,0,NA,NA,NA,0,1008
60,0,"none",0.6,0,"TF",0.242,NA,0.242,0.059,0,0,NA,NA,NA,0,1008
60,0,"none",0.6,0,"PEESE",0.128,NA,0.128,0.016,0.4,0.4,NA,NA,NA,0.4,1008
60,0,"none",0.6,0,"PET",-0.021,NA,-0.021,0,0.953,0.953,NA,NA,NA,0.953,1008
60,0,"none",0.6,0,"PET-PEESE",-0.01,NA,-0.01,0,0.991,0.991,NA,NA,NA,0.991,1008
60,0,"none",0.6,0,"pcurve",-0.09,0,-0.09,0.008,0.944,0.944,-0.09,0.008,0.944,0.944,1008
60,0,"none",0.6,0.25,"fill",NA,NA,NA,NA,NA,NA,NA,NA,NA,NA,1008
60,0,"none",0.6,0.25,"RE",0.329,NA,0.329,0.108,0,0,NA,NA,NA,0,1008
60,0,"none",0.6,0.25,"TF",0.28,NA,0.28,0.078,0,0,NA,NA,NA,0,1008
60,0,"none",0.6,0.25,"PEESE",0.262,NA,0.262,0.069,0.049,0.049,NA,NA,NA,0.049,1008
60,0,"none",0.6,0.25,"PET",0.204,NA,0.204,0.042,0.582,0.582,NA,NA,NA,0.582,1008
60,0,"none",0.6,0.25,"PET-PEESE",0.205,NA,0.205,0.042,0.583,0.583,NA,NA,NA,0.583,1008
60,0,"none",0.6,0.25,"pcurve",0.335,0.194,0.335,0.112,0.067,0.067,0.141,0.02,0.487,0.067,1008
60,0,"none",0.6,0.5,"fill",NA,NA,NA,NA,NA,NA,NA,NA,NA,NA,1008
60,0,"none",0.6,0.5,"RE",0.436,NA,0.436,0.19,0,0,NA,NA,NA,0,1008
60,0,"none",0.6,0.5,"TF",0.338,NA,0.338,0.114,0.002,0.002,NA,NA,NA,0.002,1008
60,0,"none",0.6,0.5,"PEESE",0.352,NA,0.352,0.124,0.154,0.154,NA,NA,NA,0.154,1008
60,0,"none",0.6,0.5,"PET",0.284,NA,0.284,0.081,0.622,0.622,NA,NA,NA,0.622,1008
60,0,"none",0.6,0.5,"PET-PEESE",0.272,NA,0.272,0.074,0.63,0.63,NA,NA,NA,0.63,1008
60,0,"none",0.6,0.5,"pcurve",0.606,0.362,0.606,0.367,0.018,0.018,0.244,0.06,0.096,0.018,1008
60,0,"none",1,0,"fill",NA,NA,NA,NA,NA,NA,NA,NA,NA,NA,1008
60,0,"none",1,0,"RE",0.437,NA,0.437,0.191,0,0,NA,NA,NA,0,1008
60,0,"none",1,0,"TF",0.375,NA,0.375,0.141,0,0,NA,NA,NA,0,1008
60,0,"none",1,0,"PEESE",0.235,NA,0.235,0.055,0,0,NA,NA,NA,0,1008
60,0,"none",1,0,"PET",-0.006,NA,-0.006,0,0.944,0.944,NA,NA,NA,0.944,1008
60,0,"none",1,0,"PET-PEESE",0.008,NA,0.008,0,0.944,0.944,NA,NA,NA,0.944,1008
60,0,"none",1,0,"pcurve",-0.048,0,-0.048,0.002,0.955,0.955,-0.048,0.002,0.955,0.955,1008
60,0,"none",1,0.25,"fill",NA,NA,NA,NA,NA,NA,NA,NA,NA,NA,1008
60,0,"none",1,0.25,"RE",0.482,NA,0.482,0.232,0,0,NA,NA,NA,0,1008
60,0,"none",1,0.25,"TF",0.405,NA,0.405,0.164,0,0,NA,NA,NA,0,1008
60,0,"none",1,0.25,"PEESE",0.318,NA,0.318,0.101,0,0,NA,NA,NA,0,1008
60,0,"none",1,0.25,"PET",0.136,NA,0.136,0.019,0.294,0.294,NA,NA,NA,0.294,1008
60,0,"none",1,0.25,"PET-PEESE",0.252,NA,0.252,0.064,0.294,0.294,NA,NA,NA,0.294,1008
60,0,"none",1,0.25,"pcurve",0.339,0.323,0.339,0.115,0.005,0.005,0.016,0,0.944,0.005,1008
60,0,"none",1,0.5,"fill",NA,NA,NA,NA,NA,NA,NA,NA,NA,NA,1008
60,0,"none",1,0.5,"RE",0.694,NA,0.694,0.481,0,0,NA,NA,NA,0,1008
60,0,"none",1,0.5,"TF",0.575,NA,0.575,0.33,0,0,NA,NA,NA,0,1008
60,0,"none",1,0.5,"PEESE",0.488,NA,0.488,0.239,0,0,NA,NA,NA,0,1008
60,0,"none",1,0.5,"PET",0.301,NA,0.301,0.091,0.225,0.225,NA,NA,NA,0.225,1008
60,0,"none",1,0.5,"PET-PEESE",0.427,NA,0.427,0.182,0.225,0.225,NA,NA,NA,0.225,1008
60,0,"none",1,0.5,"pcurve",0.61,0.608,0.61,0.372,0.008,0.008,0.002,0,0.956,0.008,1008
60,0.2,"none",0,0,"fill",NA,NA,NA,NA,NA,NA,NA,NA,NA,NA,1008
60,0.2,"none",0,0,"RE",0.199,NA,-0.001,0,0.965,0,NA,NA,NA,0,1008
60,0.2,"none",0,0,"TF",0.198,NA,-0.002,0,0.908,0,NA,NA,NA,0,1008
60,0.2,"none",0,0,"PEESE",0.194,NA,-0.006,0,0.958,0.007,NA,NA,NA,0.007,1008
60,0.2,"none",0,0,"PET",0.191,NA,-0.009,0,0.954,0.313,NA,NA,NA,0.313,1008
60,0.2,"none",0,0,"PET-PEESE",0.181,NA,-0.019,0,0.958,0.313,NA,NA,NA,0.313,1008
60,0.2,"none",0,0,"pcurve",0.109,0.2,-0.091,0.008,0.921,0.821,-0.091,0.008,0.921,0.821,1008
60,0.2,"none",0,0.25,"fill",NA,NA,NA,NA,NA,NA,NA,NA,NA,NA,1008
60,0.2,"none",0,0.25,"RE",0.199,NA,-0.001,0,0.94,0.006,NA,NA,NA,0.006,1008
60,0.2,"none",0,0.25,"TF",0.188,NA,-0.012,0,0.804,0.073,NA,NA,NA,0.073,1008
60,0.2,"none",0,0.25,"PEESE",0.18,NA,-0.02,0,0.864,0.308,NA,NA,NA,0.308,1008
60,0.2,"none",0,0.25,"PET",0.165,NA,-0.035,0.001,0.848,0.682,NA,NA,NA,0.682,1008
60,0.2,"none",0,0.25,"PET-PEESE",0.143,NA,-0.057,0.003,0.852,0.685,NA,NA,NA,0.685,1008
60,0.2,"none",0,0.25,"pcurve",0.421,0.2,0.221,0.049,0.541,0.297,0.221,0.049,0.541,0.297,1008
60,0.2,"none",0,0.5,"fill",NA,NA,NA,NA,NA,NA,NA,NA,NA,NA,1008
60,0.2,"none",0,0.5,"RE",0.195,NA,-0.005,0,0.941,0.211,NA,NA,NA,0.211,1008
60,0.2,"none",0,0.5,"TF",0.181,NA,-0.019,0,0.793,0.34,NA,NA,NA,0.34,1008
60,0.2,"none",0,0.5,"PEESE",0.169,NA,-0.031,0.001,0.856,0.65,NA,NA,NA,0.65,1008
60,0.2,"none",0,0.5,"PET",0.152,NA,-0.048,0.002,0.841,0.788,NA,NA,NA,0.788,1008
60,0.2,"none",0,0.5,"PET-PEESE",0.124,NA,-0.076,0.006,0.852,0.805,NA,NA,NA,0.805,1008
60,0.2,"none",0,0.5,"pcurve",0.647,0.197,0.447,0.2,0.295,0.271,0.45,0.203,0.293,0.271,1008
60,0.2,"none",0.6,0,"fill",NA,NA,NA,NA,NA,NA,NA,NA,NA,NA,1008
60,0.2,"none",0.6,0,"RE",0.341,NA,0.141,0.02,0,0,NA,NA,NA,0,1008
60,0.2,"none",0.6,0,"TF",0.301,NA,0.101,0.01,0.016,0,NA,NA,NA,0,1008
60,0.2,"none",0.6,0,"PEESE",0.259,NA,0.059,0.003,0.652,0,NA,NA,NA,0,1008
60,0.2,"none",0.6,0,"PET",0.168,NA,-0.032,0.001,0.944,0.252,NA,NA,NA,0.252,1008
60,0.2,"none",0.6,0,"PET-PEESE",0.228,NA,0.028,0.001,0.604,0.252,NA,NA,NA,0.252,1008
60,0.2,"none",0.6,0,"pcurve",0.187,0.2,-0.013,0,0.952,0.495,-0.013,0,0.952,0.495,1008
60,0.2,"none",0.6,0.25,"fill",NA,NA,NA,NA,NA,NA,NA,NA,NA,NA,1008
60,0.2,"none",0.6,0.25,"RE",0.43,NA,0.23,0.053,0,0,NA,NA,NA,0,1008
60,0.2,"none",0.6,0.25,"TF",0.367,NA,0.167,0.028,0.011,0,NA,NA,NA,0,1008
60,0.2,"none",0.6,0.25,"PEESE",0.347,NA,0.147,0.022,0.349,0.003,NA,NA,NA,0.003,1008
60,0.2,"none",0.6,0.25,"PET",0.271,NA,0.071,0.005,0.832,0.34,NA,NA,NA,0.34,1008
60,0.2,"none",0.6,0.25,"PET-PEESE",0.298,NA,0.098,0.01,0.367,0.341,NA,NA,NA,0.341,1008
60,0.2,"none",0.6,0.25,"pcurve",0.438,0.336,0.238,0.057,0.071,0.003,0.102,0.01,0.574,0.003,1008
60,0.2,"none",0.6,0.5,"fill",NA,NA,NA,NA,NA,NA,NA,NA,NA,NA,1008
60,0.2,"none",0.6,0.5,"RE",0.549,NA,0.349,0.121,0,0,NA,NA,NA,0,1008
60,0.2,"none",0.6,0.5,"TF",0.425,NA,0.225,0.05,0.107,0,NA,NA,NA,0,1008
60,0.2,"none",0.6,0.5,"PEESE",0.441,NA,0.241,0.058,0.353,0.046,NA,NA,NA,0.046,1008
60,0.2,"none",0.6,0.5,"PET",0.356,NA,0.156,0.024,0.775,0.49,NA,NA,NA,0.49,1008
60,0.2,"none",0.6,0.5,"PET-PEESE",0.356,NA,0.156,0.024,0.475,0.491,NA,NA,NA,0.491,1008
60,0.2,"none",0.6,0.5,"pcurve",0.679,0.493,0.479,0.23,0.036,0.036,0.186,0.035,0.257,0.036,1008
60,0.2,"none",1,0,"fill",NA,NA,NA,NA,NA,NA,NA,NA,NA,NA,1008
60,0.2,"none",1,0,"RE",0.394,NA,0.194,0.038,0,0,NA,NA,NA,0,1008
60,0.2,"none",1,0,"TF",0.34,NA,0.14,0.019,0,0,NA,NA,NA,0,1008
60,0.2,"none",1,0,"PEESE",0.239,NA,0.039,0.002,0.387,0,NA,NA,NA,0,1008
60,0.2,"none",1,0,"PET",0.052,NA,-0.148,0.022,0.005,0.538,NA,NA,NA,0.538,1008
60,0.2,"none",1,0,"PET-PEESE",0.131,NA,-0.069,0.005,0.061,0.538,NA,NA,NA,0.538,1008
60,0.2,"none",1,0,"pcurve",0.189,0.2,-0.011,0,0.95,0.314,-0.011,0,0.95,0.314,1008
60,0.2,"none",1,0.25,"fill",NA,NA,NA,NA,NA,NA,NA,NA,NA,NA,1008
60,0.2,"none",1,0.25,"RE",0.54,NA,0.34,0.116,0,0,NA,NA,NA,0,1008
60,0.2,"none",1,0.25,"TF",0.447,NA,0.247,0.061,0,0,NA,NA,NA,0,1008
60,0.2,"none",1,0.25,"PEESE",0.372,NA,0.172,0.03,0.01,0,NA,NA,NA,0,1008
60,0.2,"none",1,0.25,"PET",0.196,NA,-0.004,0,0.792,0.21,NA,NA,NA,0.21,1008
60,0.2,"none",1,0.25,"PET-PEESE",0.322,NA,0.122,0.015,0.104,0.21,NA,NA,NA,0.21,1008
60,0.2,"none",1,0.25,"pcurve",0.436,0.427,0.236,0.056,0.011,0,0.009,0,0.951,0,1008
60,0.2,"none",1,0.5,"fill",NA,NA,NA,NA,NA,NA,NA,NA,NA,NA,1008
60,0.2,"none",1,0.5,"RE",0.754,NA,0.554,0.307,0,0,NA,NA,NA,0,1008
60,0.2,"none",1,0.5,"TF",0.646,NA,0.446,0.199,0,0,NA,NA,NA,0,1008
60,0.2,"none",1,0.5,"PEESE",0.54,NA,0.34,0.116,0,0,NA,NA,NA,0,1008
60,0.2,"none",1,0.5,"PET",0.349,NA,0.149,0.022,0.679,0.201,NA,NA,NA,0.201,1008
60,0.2,"none",1,0.5,"PET-PEESE",0.481,NA,0.281,0.079,0.197,0.201,NA,NA,NA,0.201,1008
60,0.2,"none",1,0.5,"pcurve",0.682,0.685,0.482,0.233,0.006,0.006,-0.003,0,0.961,0.006,1008
60,0.5,"none",0,0,"fill",NA,NA,NA,NA,NA,NA,NA,NA,NA,NA,1008
60,0.5,"none",0,0,"RE",0.5,NA,0,0,0.954,0,NA,NA,NA,0,1008
60,0.5,"none",0,0,"TF",0.494,NA,-0.006,0,0.888,0,NA,NA,NA,0,1008
60,0.5,"none",0,0,"PEESE",0.487,NA,-0.013,0,0.933,0,NA,NA,NA,0,1008
60,0.5,"none",0,0,"PET",0.477,NA,-0.023,0.001,0.929,0,NA,NA,NA,0,1008
60,0.5,"none",0,0,"PET-PEESE",0.487,NA,-0.013,0,0.933,0,NA,NA,NA,0,1008
60,0.5,"none",0,0,"pcurve",0.501,0.5,0.001,0,0.942,0.01,0.001,0,0.942,0.01,1008
60,0.5,"none",0,0.25,"fill",NA,NA,NA,NA,NA,NA,NA,NA,NA,NA,1008
60,0.5,"none",0,0.25,"RE",0.5,NA,0,0,0.947,0,NA,NA,NA,0,1008
60,0.5,"none",0,0.25,"TF",0.479,NA,-0.021,0,0.787,0,NA,NA,NA,0,1008
60,0.5,"none",0,0.25,"PEESE",0.472,NA,-0.028,0.001,0.877,0,NA,NA,NA,0,1008
60,0.5,"none",0,0.25,"PET",0.451,NA,-0.049,0.002,0.866,0.097,NA,NA,NA,0.097,1008
60,0.5,"none",0,0.25,"PET-PEESE",0.457,NA,-0.043,0.002,0.87,0.097,NA,NA,NA,0.097,1008
60,0.5,"none",0,0.25,"pcurve",0.62,0.501,0.12,0.014,0.589,0.062,0.119,0.014,0.599,0.062,1008
60,0.5,"none",0,0.5,"fill",NA,NA,NA,NA,NA,NA,NA,NA,NA,NA,1008
60,0.5,"none",0,0.5,"RE",0.496,NA,-0.004,0,0.945,0,NA,NA,NA,0,1008
60,0.5,"none",0,0.5,"TF",0.457,NA,-0.043,0.002,0.815,0,NA,NA,NA,0,1008
60,0.5,"none",0,0.5,"PEESE",0.423,NA,-0.077,0.006,0.818,0.097,NA,NA,NA,0.097,1008
60,0.5,"none",0,0.5,"PET",0.372,NA,-0.128,0.016,0.804,0.545,NA,NA,NA,0.545,1008
60,0.5,"none",0,0.5,"PET-PEESE",0.346,NA,-0.154,0.024,0.81,0.548,NA,NA,NA,0.548,1008
60,0.5,"none",0,0.5,"pcurve",0.8,0.498,0.3,0.09,0.241,0.182,0.302,0.092,0.238,0.182,1008
60,0.5,"none",0.6,0,"fill",NA,NA,NA,NA,NA,NA,NA,NA,NA,NA,1008
60,0.5,"none",0.6,0,"RE",0.543,NA,0.043,0.002,0.583,0,NA,NA,NA,0,1008
60,0.5,"none",0.6,0,"TF",0.505,NA,0.005,0,0.926,0,NA,NA,NA,0,1008
60,0.5,"none",0.6,0,"PEESE",0.472,NA,-0.028,0.001,0.856,0,NA,NA,NA,0,1008
60,0.5,"none",0.6,0,"PET",0.393,NA,-0.107,0.011,0.639,0,NA,NA,NA,0,1008
60,0.5,"none",0.6,0,"PET-PEESE",0.472,NA,-0.028,0.001,0.856,0,NA,NA,NA,0,1008
60,0.5,"none",0.6,0,"pcurve",0.5,0.5,0,0,0.946,0,0,0,0.946,0,1008
60,0.5,"none",0.6,0.25,"fill",NA,NA,NA,NA,NA,NA,NA,NA,NA,NA,1008
60,0.5,"none",0.6,0.25,"RE",0.616,NA,0.116,0.013,0.116,0,NA,NA,NA,0,1008
60,0.5,"none",0.6,0.25,"TF",0.539,NA,0.039,0.001,0.734,0,NA,NA,NA,0,1008
60,0.5,"none",0.6,0.25,"PEESE",0.514,NA,0.014,0,0.868,0,NA,NA,NA,0,1008
60,0.5,"none",0.6,0.25,"PET",0.424,NA,-0.076,0.006,0.785,0.072,NA,NA,NA,0.072,1008
60,0.5,"none",0.6,0.25,"PET-PEESE",0.498,NA,-0.002,0,0.834,0.072,NA,NA,NA,0.072,1008
60,0.5,"none",0.6,0.25,"pcurve",0.618,0.569,0.118,0.014,0.395,0.009,0.049,0.002,0.864,0.009,1008
60,0.5,"none",0.6,0.5,"fill",NA,NA,NA,NA,NA,NA,NA,NA,NA,NA,1008
60,0.5,"none",0.6,0.5,"RE",0.73,NA,0.23,0.053,0.025,0,NA,NA,NA,0,1008
60,0.5,"none",0.6,0.5,"TF",0.609,NA,0.109,0.012,0.606,0,NA,NA,NA,0,1008
60,0.5,"none",0.6,0.5,"PEESE",0.572,NA,0.072,0.005,0.821,0.001,NA,NA,NA,0.001,1008
60,0.5,"none",0.6,0.5,"PET",0.442,NA,-0.058,0.003,0.839,0.344,NA,NA,NA,0.344,1008
60,0.5,"none",0.6,0.5,"PET-PEESE",0.486,NA,-0.014,0,0.727,0.344,NA,NA,NA,0.344,1008
60,0.5,"none",0.6,0.5,"pcurve",0.809,0.694,0.309,0.095,0.097,0.087,0.115,0.013,0.659,0.087,1008
60,0.5,"none",1,0,"fill",NA,NA,NA,NA,NA,NA,NA,NA,NA,NA,1008
60,0.5,"none",1,0,"RE",0.568,NA,0.068,0.005,0.14,0,NA,NA,NA,0,1008
60,0.5,"none",1,0,"TF",0.515,NA,0.015,0,0.895,0,NA,NA,NA,0,1008
60,0.5,"none",1,0,"PEESE",0.445,NA,-0.055,0.003,0.543,0,NA,NA,NA,0,1008
60,0.5,"none",1,0,"PET",0.315,NA,-0.185,0.034,0.118,0.005,NA,NA,NA,0.005,1008
60,0.5,"none",1,0,"PET-PEESE",0.444,NA,-0.056,0.003,0.543,0.005,NA,NA,NA,0.005,1008
60,0.5,"none",1,0,"pcurve",0.5,0.5,0,0,0.953,0,0,0,0.953,0,1008
60,0.5,"none",1,0.25,"fill",NA,NA,NA,NA,NA,NA,NA,NA,NA,NA,1008
60,0.5,"none",1,0.25,"RE",0.676,NA,0.176,0.031,0,0,NA,NA,NA,0,1008
60,0.5,"none",1,0.25,"TF",0.571,NA,0.071,0.005,0.526,0,NA,NA,NA,0,1008
60,0.5,"none",1,0.25,"PEESE",0.513,NA,0.013,0,0.827,0,NA,NA,NA,0,1008
60,0.5,"none",1,0.25,"PET",0.357,NA,-0.143,0.021,0.551,0.056,NA,NA,NA,0.056,1008
60,0.5,"none",1,0.25,"PET-PEESE",0.497,NA,-0.003,0,0.8,0.056,NA,NA,NA,0.056,1008
60,0.5,"none",1,0.25,"pcurve",0.616,0.614,0.116,0.013,0.331,0.004,0.002,0,0.957,0.004,1008
60,0.5,"none",1,0.5,"fill",NA,NA,NA,NA,NA,NA,NA,NA,NA,NA,1008
60,0.5,"none",1,0.5,"RE",0.871,NA,0.371,0.138,0,0,NA,NA,NA,0,1008
60,0.5,"none",1,0.5,"TF",0.783,NA,0.283,0.08,0.025,0,NA,NA,NA,0,1008
60,0.5,"none",1,0.5,"PEESE",0.649,NA,0.149,0.022,0.47,0,NA,NA,NA,0,1008
60,0.5,"none",1,0.5,"PET",0.459,NA,-0.041,0.002,0.804,0.122,NA,NA,NA,0.122,1008
60,0.5,"none",1,0.5,"PET-PEESE",0.609,NA,0.109,0.012,0.38,0.122,NA,NA,NA,0.122,1008
60,0.5,"none",1,0.5,"pcurve",0.813,0.823,0.313,0.098,0.043,0.043,-0.01,0,0.949,0.043,1008
60,0.8,"none",0,0,"fill",NA,NA,NA,NA,NA,NA,NA,NA,NA,NA,1008
60,0.8,"none",0,0,"RE",0.797,NA,-0.003,0,0.955,0,NA,NA,NA,0,1008
60,0.8,"none",0,0,"TF",0.788,NA,-0.012,0,0.875,0,NA,NA,NA,0,1008
60,0.8,"none",0,0,"PEESE",0.776,NA,-0.024,0.001,0.908,0,NA,NA,NA,0,1008
60,0.8,"none",0,0,"PET",0.761,NA,-0.039,0.002,0.916,0,NA,NA,NA,0,1008
60,0.8,"none",0,0,"PET-PEESE",0.776,NA,-0.024,0.001,0.908,0,NA,NA,NA,0,1008
60,0.8,"none",0,0,"pcurve",0.796,0.8,-0.004,0,0.956,0.096,-0.004,0,0.956,0.096,1008
60,0.8,"none",0,0.25,"fill",NA,NA,NA,NA,NA,NA,NA,NA,NA,NA,1008
60,0.8,"none",0,0.25,"RE",0.797,NA,-0.003,0,0.937,0,NA,NA,NA,0,1008
60,0.8,"none",0,0.25,"TF",0.76,NA,-0.04,0.002,0.713,0,NA,NA,NA,0,1008
60,0.8,"none",0,0.25,"PEESE",0.742,NA,-0.058,0.003,0.798,0,NA,NA,NA,0,1008
60,0.8,"none",0,0.25,"PET",0.698,NA,-0.102,0.01,0.792,0.005,NA,NA,NA,0.005,1008
60,0.8,"none",0,0.25,"PET-PEESE",0.741,NA,-0.059,0.004,0.798,0.005,NA,NA,NA,0.005,1008
60,0.8,"none",0,0.25,"pcurve",0.836,0.8,0.036,0.001,0.909,0.138,0.036,0.001,0.909,0.138,1008
60,0.8,"none",0,0.5,"fill",NA,NA,NA,NA,NA,NA,NA,NA,NA,NA,1008
60,0.8,"none",0,0.5,"RE",0.796,NA,-0.004,0,0.943,0,NA,NA,NA,0,1008
60,0.8,"none",0,0.5,"TF",0.733,NA,-0.067,0.004,0.711,0,NA,NA,NA,0,1008
60,0.8,"none",0,0.5,"PEESE",0.666,NA,-0.134,0.018,0.708,0.001,NA,NA,NA,0.001,1008
60,0.8,"none",0,0.5,"PET",0.568,NA,-0.232,0.054,0.722,0.275,NA,NA,NA,0.275,1008
60,0.8,"none",0,0.5,"PET-PEESE",0.596,NA,-0.204,0.042,0.7,0.275,NA,NA,NA,0.275,1008
60,0.8,"none",0,0.5,"pcurve",0.974,0.8,0.174,0.03,0.493,0.149,0.174,0.03,0.493,0.149,1008
60,0.8,"none",0.6,0,"fill",NA,NA,NA,NA,NA,NA,NA,NA,NA,NA,1008
60,0.8,"none",0.6,0,"RE",0.811,NA,0.011,0,0.953,0,NA,NA,NA,0,1008
60,0.8,"none",0.6,0,"TF",0.784,NA,-0.016,0,0.852,0,NA,NA,NA,0,1008
60,0.8,"none",0.6,0,"PEESE",0.758,NA,-0.042,0.002,0.817,0,NA,NA,NA,0,1008
60,0.8,"none",0.6,0,"PET",0.71,NA,-0.09,0.008,0.778,0,NA,NA,NA,0,1008
60,0.8,"none",0.6,0,"PET-PEESE",0.758,NA,-0.042,0.002,0.817,0,NA,NA,NA,0,1008
60,0.8,"none",0.6,0,"pcurve",0.798,0.8,-0.002,0,0.965,0.095,-0.002,0,0.965,0.095,1008
60,0.8,"none",0.6,0.25,"fill",NA,NA,NA,NA,NA,NA,NA,NA,NA,NA,1008
60,0.8,"none",0.6,0.25,"RE",0.847,NA,0.047,0.002,0.789,0,NA,NA,NA,0,1008
60,0.8,"none",0.6,0.25,"TF",0.777,NA,-0.023,0.001,0.744,0,NA,NA,NA,0,1008
60,0.8,"none",0.6,0.25,"PEESE",0.746,NA,-0.054,0.003,0.789,0,NA,NA,NA,0,1008
60,0.8,"none",0.6,0.25,"PET",0.66,NA,-0.14,0.02,0.7,0.003,NA,NA,NA,0.003,1008
60,0.8,"none",0.6,0.25,"PET-PEESE",0.745,NA,-0.055,0.003,0.789,0.003,NA,NA,NA,0.003,1008
60,0.8,"none",0.6,0.25,"pcurve",0.846,0.828,0.046,0.002,0.897,0.106,0.018,0,0.962,0.106,1008
60,0.8,"none",0.6,0.5,"fill",NA,NA,NA,NA,NA,NA,NA,NA,NA,NA,1008
60,0.8,"none",0.6,0.5,"RE",0.939,NA,0.139,0.019,0.394,0,NA,NA,NA,0,1008
60,0.8,"none",0.6,0.5,"TF",0.837,NA,0.037,0.001,0.708,0,NA,NA,NA,0,1008
60,0.8,"none",0.6,0.5,"PEESE",0.744,NA,-0.056,0.003,0.834,0,NA,NA,NA,0,1008
60,0.8,"none",0.6,0.5,"PET",0.584,NA,-0.216,0.047,0.696,0.179,NA,NA,NA,0.179,1008
60,0.8,"none",0.6,0.5,"PET-PEESE",0.685,NA,-0.115,0.013,0.779,0.179,NA,NA,NA,0.179,1008
60,0.8,"none",0.6,0.5,"pcurve",0.983,0.918,0.183,0.033,0.342,0.095,0.065,0.004,0.873,0.095,1008
60,0.8,"none",1,0,"fill",NA,NA,NA,NA,NA,NA,NA,NA,NA,NA,1008
60,0.8,"none",1,0,"RE",0.821,NA,0.021,0,0.887,0,NA,NA,NA,0,1008
60,0.8,"none",1,0,"TF",0.783,NA,-0.017,0,0.835,0,NA,NA,NA,0,1008
60,0.8,"none",1,0,"PEESE",0.742,NA,-0.058,0.003,0.702,0,NA,NA,NA,0,1008
60,0.8,"none",1,0,"PET",0.671,NA,-0.129,0.017,0.583,0,NA,NA,NA,0,1008
60,0.8,"none",1,0,"PET-PEESE",0.742,NA,-0.058,0.003,0.702,0,NA,NA,NA,0,1008
60,0.8,"none",1,0,"pcurve",0.801,0.8,0.001,0,0.944,0.084,0.001,0,0.944,0.084,1008
60,0.8,"none",1,0.25,"fill",NA,NA,NA,NA,NA,NA,NA,NA,NA,NA,1008
60,0.8,"none",1,0.25,"RE",0.876,NA,0.076,0.006,0.453,0,NA,NA,NA,0,1008
60,0.8,"none",1,0.25,"TF",0.783,NA,-0.017,0,0.714,0,NA,NA,NA,0,1008
60,0.8,"none",1,0.25,"PEESE",0.735,NA,-0.065,0.004,0.728,0,NA,NA,NA,0,1008
60,0.8,"none",1,0.25,"PET",0.611,NA,-0.189,0.036,0.542,0.003,NA,NA,NA,0.003,1008
60,0.8,"none",1,0.25,"PET-PEESE",0.734,NA,-0.066,0.004,0.728,0.003,NA,NA,NA,0.003,1008
60,0.8,"none",1,0.25,"pcurve",0.847,0.848,0.047,0.002,0.885,0.087,-0.001,0,0.956,0.087,1008
60,0.8,"none",1,0.5,"fill",NA,NA,NA,NA,NA,NA,NA,NA,NA,NA,1008
60,0.8,"none",1,0.5,"RE",1.02,NA,0.22,0.049,0.015,0,NA,NA,NA,0,1008
60,0.8,"none",1,0.5,"TF",0.947,NA,0.147,0.022,0.352,0,NA,NA,NA,0,1008
60,0.8,"none",1,0.5,"PEESE",0.795,NA,-0.005,0,0.839,0,NA,NA,NA,0,1008
60,0.8,"none",1,0.5,"PET",0.606,NA,-0.194,0.038,0.638,0.059,NA,NA,NA,0.059,1008
60,0.8,"none",1,0.5,"PET-PEESE",0.772,NA,-0.028,0.001,0.815,0.059,NA,NA,NA,0.059,1008
60,0.8,"none",1,0.5,"pcurve",0.974,0.993,0.174,0.03,0.301,0.059,-0.019,0,0.94,0.059,1008
100,0,"none",0,0,"fill",NA,NA,NA,NA,NA,NA,NA,NA,NA,NA,1008
100,0,"none",0,0,"RE",0,NA,0,0,0.959,0.959,NA,NA,NA,0.959,1008
100,0,"none",0,0,"TF",-0.001,NA,-0.001,0,0.881,0.881,NA,NA,NA,0.881,1008
100,0,"none",0,0,"PEESE",0,NA,0,0,0.952,0.952,NA,NA,NA,0.952,1008
100,0,"none",0,0,"PET",-0.001,NA,-0.001,0,0.952,0.952,NA,NA,NA,0.952,1008
100,0,"none",0,0,"PET-PEESE",0,NA,0,0,0.965,0.965,NA,NA,NA,0.965,1008
100,0,"none",0,0,"pcurve",-0.19,0,-0.19,0.036,NA,NA,-0.19,0.036,NA,NA,1008
100,0,"none",0,0.25,"fill",NA,NA,NA,NA,NA,NA,NA,NA,NA,NA,1008
100,0,"none",0,0.25,"RE",0.002,NA,0.002,0,0.928,0.928,NA,NA,NA,0.928,1008
100,0,"none",0,0.25,"TF",0.002,NA,0.002,0,0.701,0.701,NA,NA,NA,0.701,1008
100,0,"none",0,0.25,"PEESE",0.003,NA,0.003,0,0.864,0.864,NA,NA,NA,0.864,1008
100,0,"none",0,0.25,"PET",0.006,NA,0.006,0,0.862,0.862,NA,NA,NA,0.862,1008
100,0,"none",0,0.25,"PET-PEESE",0.005,NA,0.005,0,0.892,0.892,NA,NA,NA,0.892,1008
100,0,"none",0,0.25,"pcurve",0.306,0.001,0.306,0.094,0.572,0.572,0.305,0.093,0.572,0.572,1008
100,0,"none",0,0.5,"fill",NA,NA,NA,NA,NA,NA,NA,NA,NA,NA,1008
100,0,"none",0,0.5,"RE",0.002,NA,0.002,0,0.943,0.943,NA,NA,NA,0.943,1008
100,0,"none",0,0.5,"TF",-0.003,NA,-0.003,0,0.683,0.683,NA,NA,NA,0.683,1008
100,0,"none",0,0.5,"PEESE",-0.001,NA,-0.001,0,0.838,0.838,NA,NA,NA,0.838,1008
100,0,"none",0,0.5,"PET",-0.003,NA,-0.003,0,0.81,0.81,NA,NA,NA,0.81,1008
100,0,"none",0,0.5,"PET-PEESE",-0.003,NA,-0.003,0,0.857,0.857,NA,NA,NA,0.857,1008
100,0,"none",0,0.5,"pcurve",0.598,0.002,0.598,0.358,0.163,0.163,0.596,0.355,0.164,0.163,1008
100,0,"none",0.6,0,"fill",NA,NA,NA,NA,NA,NA,NA,NA,NA,NA,1008
100,0,"none",0.6,0,"RE",0.292,NA,0.292,0.086,0,0,NA,NA,NA,0,1008
100,0,"none",0.6,0,"TF",0.242,NA,0.242,0.059,0,0,NA,NA,NA,0,1008
100,0,"none",0.6,0,"PEESE",0.128,NA,0.128,0.016,0.149,0.149,NA,NA,NA,0.149,1008
100,0,"none",0.6,0,"PET",-0.019,NA,-0.019,0,0.94,0.94,NA,NA,NA,0.94,1008
100,0,"none",0.6,0,"PET-PEESE",-0.007,NA,-0.007,0,0.988,0.988,NA,NA,NA,0.988,1008
100,0,"none",0.6,0,"pcurve",-0.064,0,-0.064,0.004,0.935,0.935,-0.064,0.004,0.935,0.935,1008
100,0,"none",0.6,0.25,"fill",NA,NA,NA,NA,NA,NA,NA,NA,NA,NA,1008
100,0,"none",0.6,0.25,"RE",0.329,NA,0.329,0.108,0,0,NA,NA,NA,0,1008
100,0,"none",0.6,0.25,"TF",0.277,NA,0.277,0.077,0,0,NA,NA,NA,0,1008
100,0,"none",0.6,0.25,"PEESE",0.267,NA,0.267,0.071,0.005,0.005,NA,NA,NA,0.005,1008
100,0,"none",0.6,0.25,"PET",0.213,NA,0.213,0.045,0.377,0.377,NA,NA,NA,0.377,1008
100,0,"none",0.6,0.25,"PET-PEESE",0.228,NA,0.228,0.052,0.377,0.377,NA,NA,NA,0.377,1008
100,0,"none",0.6,0.25,"pcurve",0.338,0.194,0.338,0.114,0.004,0.004,0.144,0.021,0.257,0.004,1008
100,0,"none",0.6,0.5,"fill",NA,NA,NA,NA,NA,NA,NA,NA,NA,NA,1008
100,0,"none",0.6,0.5,"RE",0.439,NA,0.439,0.193,0,0,NA,NA,NA,0,1008
100,0,"none",0.6,0.5,"TF",0.331,NA,0.331,0.11,0,0,NA,NA,NA,0,1008
100,0,"none",0.6,0.5,"PEESE",0.355,NA,0.355,0.126,0.047,0.047,NA,NA,NA,0.047,1008
100,0,"none",0.6,0.5,"PET",0.289,NA,0.289,0.084,0.487,0.487,NA,NA,NA,0.487,1008
100,0,"none",0.6,0.5,"PET-PEESE",0.289,NA,0.289,0.083,0.489,0.489,NA,NA,NA,0.489,1008
100,0,"none",0.6,0.5,"pcurve",0.61,0.365,0.61,0.372,0,0,0.245,0.06,0.012,0,1008
100,0,"none",1,0,"fill",NA,NA,NA,NA,NA,NA,NA,NA,NA,NA,1008
100,0,"none",1,0,"RE",0.432,NA,0.432,0.187,0,0,NA,NA,NA,0,1008
100,0,"none",1,0,"TF",0.372,NA,0.372,0.138,0,0,NA,NA,NA,0,1008
100,0,"none",1,0,"PEESE",0.233,NA,0.233,0.054,0,0,NA,NA,NA,0,1008
100,0,"none",1,0,"PET",-0.004,NA,-0.004,0,0.932,0.932,NA,NA,NA,0.932,1008
100,0,"none",1,0,"PET-PEESE",0.012,NA,0.012,0,0.932,0.932,NA,NA,NA,0.932,1008
100,0,"none",1,0,"pcurve",-0.038,0,-0.038,0.001,0.95,0.95,-0.038,0.001,0.95,0.95,1008
100,0,"none",1,0.25,"fill",NA,NA,NA,NA,NA,NA,NA,NA,NA,NA,1008
100,0,"none",1,0.25,"RE",0.479,NA,0.479,0.23,0,0,NA,NA,NA,0,1008
100,0,"none",1,0.25,"TF",0.403,NA,0.403,0.162,0,0,NA,NA,NA,0,1008
100,0,"none",1,0.25,"PEESE",0.318,NA,0.318,0.101,0,0,NA,NA,NA,0,1008
100,0,"none",1,0.25,"PET",0.138,NA,0.138,0.019,0.112,0.112,NA,NA,NA,0.112,1008
100,0,"none",1,0.25,"PET-PEESE",0.293,NA,0.293,0.086,0.112,0.112,NA,NA,NA,0.112,1008
100,0,"none",1,0.25,"pcurve",0.339,0.323,0.339,0.115,0,0,0.016,0,0.932,0,1008
100,0,"none",1,0.5,"fill",NA,NA,NA,NA,NA,NA,NA,NA,NA,NA,1008
100,0,"none",1,0.5,"RE",0.693,NA,0.693,0.481,0,0,NA,NA,NA,0,1008
100,0,"none",1,0.5,"TF",0.553,NA,0.553,0.305,0,0,NA,NA,NA,0,1008
100,0,"none",1,0.5,"PEESE",0.485,NA,0.485,0.235,0,0,NA,NA,NA,0,1008
100,0,"none",1,0.5,"PET",0.296,NA,0.296,0.087,0.06,0.06,NA,NA,NA,0.06,1008
100,0,"none",1,0.5,"PET-PEESE",0.468,NA,0.468,0.219,0.06,0.06,NA,NA,NA,0.06,1008
100,0,"none",1,0.5,"pcurve",0.61,0.606,0.61,0.372,0,0,0.004,0,0.954,0,1008
100,0.2,"none",0,0,"fill",NA,NA,NA,NA,NA,NA,NA,NA,NA,NA,1008
100,0.2,"none",0,0,"RE",0.199,NA,-0.001,0,0.954,0,NA,NA,NA,0,1008
100,0.2,"none",0,0,"TF",0.197,NA,-0.003,0,0.872,0,NA,NA,NA,0,1008
100,0.2,"none",0,0,"PEESE",0.194,NA,-0.006,0,0.947,0,NA,NA,NA,0,1008
100,0.2,"none",0,0,"PET",0.191,NA,-0.009,0,0.96,0.112,NA,NA,NA,0.112,1008
100,0.2,"none",0,0,"PET-PEESE",0.188,NA,-0.012,0,0.949,0.112,NA,NA,NA,0.112,1008
100,0.2,"none",0,0,"pcurve",0.113,0.2,-0.087,0.008,0.908,0.76,-0.087,0.008,0.908,0.76,1008
100,0.2,"none",0,0.25,"fill",NA,NA,NA,NA,NA,NA,NA,NA,NA,NA,1008
100,0.2,"none",0,0.25,"RE",0.199,NA,-0.001,0,0.948,0,NA,NA,NA,0,1008
100,0.2,"none",0,0.25,"TF",0.188,NA,-0.012,0,0.71,0.033,NA,NA,NA,0.033,1008
100,0.2,"none",0,0.25,"PEESE",0.186,NA,-0.014,0,0.883,0.113,NA,NA,NA,0.113,1008
100,0.2,"none",0,0.25,"PET",0.176,NA,-0.024,0.001,0.865,0.535,NA,NA,NA,0.535,1008
100,0.2,"none",0,0.25,"PET-PEESE",0.158,NA,-0.042,0.002,0.88,0.538,NA,NA,NA,0.538,1008
100,0.2,"none",0,0.25,"pcurve",0.434,0.2,0.234,0.055,0.271,0.082,0.234,0.055,0.271,0.082,1008
100,0.2,"none",0,0.5,"fill",NA,NA,NA,NA,NA,NA,NA,NA,NA,NA,1008
100,0.2,"none",0,0.5,"RE",0.197,NA,-0.003,0,0.945,0.048,NA,NA,NA,0.048,1008
100,0.2,"none",0,0.5,"TF",0.172,NA,-0.028,0.001,0.684,0.266,NA,NA,NA,0.266,1008
100,0.2,"none",0,0.5,"PEESE",0.16,NA,-0.04,0.002,0.826,0.556,NA,NA,NA,0.556,1008
100,0.2,"none",0,0.5,"PET",0.135,NA,-0.065,0.004,0.826,0.776,NA,NA,NA,0.776,1008
100,0.2,"none",0,0.5,"PET-PEESE",0.117,NA,-0.083,0.007,0.836,0.798,NA,NA,NA,0.798,1008
100,0.2,"none",0,0.5,"pcurve",0.677,0.199,0.477,0.228,0.093,0.093,0.478,0.229,0.093,0.093,1008
100,0.2,"none",0.6,0,"fill",NA,NA,NA,NA,NA,NA,NA,NA,NA,NA,1008
100,0.2,"none",0.6,0,"RE",0.339,NA,0.139,0.019,0,0,NA,NA,NA,0,1008
100,0.2,"none",0.6,0,"TF",0.3,NA,0.1,0.01,0,0,NA,NA,NA,0,1008
100,0.2,"none",0.6,0,"PEESE",0.259,NA,0.059,0.003,0.454,0,NA,NA,NA,0,1008
100,0.2,"none",0.6,0,"PET",0.168,NA,-0.032,0.001,0.918,0.056,NA,NA,NA,0.056,1008
100,0.2,"none",0.6,0,"PET-PEESE",0.251,NA,0.051,0.003,0.417,0.056,NA,NA,NA,0.056,1008
100,0.2,"none",0.6,0,"pcurve",0.196,0.2,-0.004,0,0.95,0.264,-0.004,0,0.95,0.264,1008
100,0.2,"none",0.6,0.25,"fill",NA,NA,NA,NA,NA,NA,NA,NA,NA,NA,1008
100,0.2,"none",0.6,0.25,"RE",0.43,NA,0.23,0.053,0,0,NA,NA,NA,0,1008
100,0.2,"none",0.6,0.25,"TF",0.36,NA,0.16,0.026,0,0,NA,NA,NA,0,1008
100,0.2,"none",0.6,0.25,"PEESE",0.348,NA,0.148,0.022,0.157,0,NA,NA,NA,0,1008
100,0.2,"none",0.6,0.25,"PET",0.274,NA,0.074,0.006,0.808,0.144,NA,NA,NA,0.144,1008
100,0.2,"none",0.6,0.25,"PET-PEESE",0.327,NA,0.127,0.016,0.172,0.144,NA,NA,NA,0.144,1008
100,0.2,"none",0.6,0.25,"pcurve",0.437,0.337,0.237,0.056,0.003,0,0.1,0.01,0.407,0,1008
100,0.2,"none",0.6,0.5,"fill",NA,NA,NA,NA,NA,NA,NA,NA,NA,NA,1008
100,0.2,"none",0.6,0.5,"RE",0.549,NA,0.349,0.122,0,0,NA,NA,NA,0,1008
100,0.2,"none",0.6,0.5,"TF",0.409,NA,0.209,0.044,0.012,0,NA,NA,NA,0,1008
100,0.2,"none",0.6,0.5,"PEESE",0.435,NA,0.235,0.055,0.194,0.007,NA,NA,NA,0.007,1008
100,0.2,"none",0.6,0.5,"PET",0.344,NA,0.144,0.021,0.746,0.335,NA,NA,NA,0.335,1008
100,0.2,"none",0.6,0.5,"PET-PEESE",0.373,NA,0.173,0.03,0.325,0.336,NA,NA,NA,0.336,1008
100,0.2,"none",0.6,0.5,"pcurve",0.684,0.491,0.484,0.235,0.004,0.004,0.193,0.037,0.039,0.004,1008
100,0.2,"none",1,0,"fill",NA,NA,NA,NA,NA,NA,NA,NA,NA,NA,1008
100,0.2,"none",1,0,"RE",0.391,NA,0.191,0.036,0,0,NA,NA,NA,0,1008
100,0.2,"none",1,0,"TF",0.338,NA,0.138,0.019,0,0,NA,NA,NA,0,1008
100,0.2,"none",1,0,"PEESE",0.237,NA,0.037,0.001,0.221,0,NA,NA,NA,0,1008
100,0.2,"none",1,0,"PET",0.05,NA,-0.15,0.023,0,0.392,NA,NA,NA,0.392,1008
100,0.2,"none",1,0,"PET-PEESE",0.158,NA,-0.042,0.002,0.033,0.392,NA,NA,NA,0.392,1008
100,0.2,"none",1,0,"pcurve",0.197,0.2,-0.003,0,0.94,0.113,-0.003,0,0.94,0.113,1008
100,0.2,"none",1,0.25,"fill",NA,NA,NA,NA,NA,NA,NA,NA,NA,NA,1008
100,0.2,"none",1,0.25,"RE",0.54,NA,0.34,0.115,0,0,NA,NA,NA,0,1008
100,0.2,"none",1,0.25,"TF",0.448,NA,0.248,0.061,0,0,NA,NA,NA,0,1008
100,0.2,"none",1,0.25,"PEESE",0.375,NA,0.175,0.031,0,0,NA,NA,NA,0,1008
100,0.2,"none",1,0.25,"PET",0.203,NA,0.003,0,0.781,0.054,NA,NA,NA,0.054,1008
100,0.2,"none",1,0.25,"PET-PEESE",0.362,NA,0.162,0.026,0.01,0.054,NA,NA,NA,0.054,1008
100,0.2,"none",1,0.25,"pcurve",0.437,0.427,0.237,0.056,0,0,0.01,0,0.947,0,1008
100,0.2,"none",1,0.5,"fill",NA,NA,NA,NA,NA,NA,NA,NA,NA,NA,1008
100,0.2,"none",1,0.5,"RE",0.754,NA,0.554,0.307,0,0,NA,NA,NA,0,1008
100,0.2,"none",1,0.5,"TF",0.627,NA,0.427,0.182,0,0,NA,NA,NA,0,1008
100,0.2,"none",1,0.5,"PEESE",0.544,NA,0.344,0.118,0,0,NA,NA,NA,0,1008
100,0.2,"none",1,0.5,"PET",0.358,NA,0.158,0.025,0.538,0.054,NA,NA,NA,0.054,1008
100,0.2,"none",1,0.5,"PET-PEESE",0.527,NA,0.327,0.107,0.051,0.054,NA,NA,NA,0.054,1008
100,0.2,"none",1,0.5,"pcurve",0.682,0.684,0.482,0.232,0,0,-0.002,0,0.955,0,1008
100,0.5,"none",0,0,"fill",NA,NA,NA,NA,NA,NA,NA,NA,NA,NA,1008
100,0.5,"none",0,0,"RE",0.498,NA,-0.002,0,0.956,0,NA,NA,NA,0,1008
100,0.5,"none",0,0,"TF",0.492,NA,-0.008,0,0.876,0,NA,NA,NA,0,1008
100,0.5,"none",0,0,"PEESE",0.486,NA,-0.014,0,0.934,0,NA,NA,NA,0,1008
100,0.5,"none",0,0,"PET",0.477,NA,-0.023,0.001,0.944,0,NA,NA,NA,0,1008
100,0.5,"none",0,0,"PET-PEESE",0.486,NA,-0.014,0,0.934,0,NA,NA,NA,0,1008
100,0.5,"none",0,0,"pcurve",0.498,0.5,-0.002,0,0.944,0.001,-0.002,0,0.944,0.001,1008
100,0.5,"none",0,0.25,"fill",NA,NA,NA,NA,NA,NA,NA,NA,NA,NA,1008
100,0.5,"none",0,0.25,"RE",0.497,NA,-0.003,0,0.943,0,NA,NA,NA,0,1008
100,0.5,"none",0,0.25,"TF",0.467,NA,-0.033,0.001,0.647,0,NA,NA,NA,0,1008
100,0.5,"none",0,0.25,"PEESE",0.465,NA,-0.035,0.001,0.839,0,NA,NA,NA,0,1008
100,0.5,"none",0,0.25,"PET",0.441,NA,-0.059,0.004,0.824,0.019,NA,NA,NA,0.019,1008
100,0.5,"none",0,0.25,"PET-PEESE",0.462,NA,-0.038,0.001,0.839,0.019,NA,NA,NA,0.019,1008
100,0.5,"none",0,0.25,"pcurve",0.617,0.5,0.117,0.014,0.347,0.005,0.117,0.014,0.347,0.005,1008
100,0.5,"none",0,0.5,"fill",NA,NA,NA,NA,NA,NA,NA,NA,NA,NA,1008
100,0.5,"none",0,0.5,"RE",0.498,NA,-0.002,0,0.939,0,NA,NA,NA,0,1008
100,0.5,"none",0,0.5,"TF",0.438,NA,-0.062,0.004,0.626,0,NA,NA,NA,0,1008
100,0.5,"none",0,0.5,"PEESE",0.409,NA,-0.091,0.008,0.73,0.026,NA,NA,NA,0.026,1008
100,0.5,"none",0,0.5,"PET",0.343,NA,-0.157,0.025,0.729,0.432,NA,NA,NA,0.432,1008
100,0.5,"none",0,0.5,"PET-PEESE",0.341,NA,-0.159,0.025,0.731,0.433,NA,NA,NA,0.433,1008
100,0.5,"none",0,0.5,"pcurve",0.811,0.5,0.311,0.097,0.072,0.067,0.311,0.097,0.072,0.067,1008
100,0.5,"none",0.6,0,"fill",NA,NA,NA,NA,NA,NA,NA,NA,NA,NA,1008
100,0.5,"none",0.6,0,"RE",0.543,NA,0.043,0.002,0.342,0,NA,NA,NA,0,1008
100,0.5,"none",0.6,0,"TF",0.505,NA,0.005,0,0.926,0,NA,NA,NA,0,1008
100,0.5,"none",0.6,0,"PEESE",0.476,NA,-0.024,0.001,0.837,0,NA,NA,NA,0,1008
100,0.5,"none",0.6,0,"PET",0.403,NA,-0.097,0.01,0.528,0,NA,NA,NA,0,1008
100,0.5,"none",0.6,0,"PET-PEESE",0.476,NA,-0.024,0.001,0.837,0,NA,NA,NA,0,1008
100,0.5,"none",0.6,0,"pcurve",0.499,0.5,-0.001,0,0.952,0,-0.001,0,0.952,0,1008
100,0.5,"none",0.6,0.25,"fill",NA,NA,NA,NA,NA,NA,NA,NA,NA,NA,1008
100,0.5,"none",0.6,0.25,"RE",0.615,NA,0.115,0.013,0.016,0,NA,NA,NA,0,1008
100,0.5,"none",0.6,0.25,"TF",0.529,NA,0.029,0.001,0.776,0,NA,NA,NA,0,1008
100,0.5,"none",0.6,0.25,"PEESE",0.512,NA,0.012,0,0.865,0,NA,NA,NA,0,1008
100,0.5,"none",0.6,0.25,"PET",0.421,NA,-0.079,0.006,0.744,0.008,NA,NA,NA,0.008,1008
100,0.5,"none",0.6,0.25,"PET-PEESE",0.51,NA,0.01,0,0.864,0.008,NA,NA,NA,0.008,1008
100,0.5,"none",0.6,0.25,"pcurve",0.617,0.57,0.117,0.014,0.179,0,0.047,0.002,0.796,0,1008
100,0.5,"none",0.6,0.5,"fill",NA,NA,NA,NA,NA,NA,NA,NA,NA,NA,1008
100,0.5,"none",0.6,0.5,"RE",0.73,NA,0.23,0.053,0,0,NA,NA,NA,0,1008
100,0.5,"none",0.6,0.5,"TF",0.582,NA,0.082,0.007,0.662,0,NA,NA,NA,0,1008
100,0.5,"none",0.6,0.5,"PEESE",0.574,NA,0.074,0.005,0.754,0,NA,NA,NA,0,1008
100,0.5,"none",0.6,0.5,"PET",0.447,NA,-0.053,0.003,0.824,0.165,NA,NA,NA,0.165,1008
100,0.5,"none",0.6,0.5,"PET-PEESE",0.53,NA,0.03,0.001,0.659,0.165,NA,NA,NA,0.165,1008
100,0.5,"none",0.6,0.5,"pcurve",0.812,0.694,0.312,0.098,0.008,0.008,0.118,0.014,0.406,0.008,1008
100,0.5,"none",1,0,"fill",NA,NA,NA,NA,NA,NA,NA,NA,NA,NA,1008
100,0.5,"none",1,0,"RE",0.566,NA,0.066,0.004,0.029,0,NA,NA,NA,0,1008
100,0.5,"none",1,0,"TF",0.513,NA,0.013,0,0.87,0,NA,NA,NA,0,1008
100,0.5,"none",1,0,"PEESE",0.446,NA,-0.054,0.003,0.337,0,NA,NA,NA,0,1008
100,0.5,"none",1,0,"PET",0.318,NA,-0.182,0.033,0.025,0,NA,NA,NA,0,1008
100,0.5,"none",1,0,"PET-PEESE",0.446,NA,-0.054,0.003,0.337,0,NA,NA,NA,0,1008
100,0.5,"none",1,0,"pcurve",0.499,0.5,-0.001,0,0.951,0,-0.001,0,0.951,0,1008
100,0.5,"none",1,0.25,"fill",NA,NA,NA,NA,NA,NA,NA,NA,NA,NA,1008
100,0.5,"none",1,0.25,"RE",0.676,NA,0.176,0.031,0,0,NA,NA,NA,0,1008
100,0.5,"none",1,0.25,"TF",0.561,NA,0.061,0.004,0.448,0,NA,NA,NA,0,1008
100,0.5,"none",1,0.25,"PEESE",0.513,NA,0.013,0,0.826,0,NA,NA,NA,0,1008
100,0.5,"none",1,0.25,"PET",0.358,NA,-0.142,0.02,0.421,0.002,NA,NA,NA,0.002,1008
100,0.5,"none",1,0.25,"PET-PEESE",0.512,NA,0.012,0,0.826,0.002,NA,NA,NA,0.002,1008
100,0.5,"none",1,0.25,"pcurve",0.617,0.615,0.117,0.014,0.111,0,0.002,0,0.958,0,1008
100,0.5,"none",1,0.5,"fill",NA,NA,NA,NA,NA,NA,NA,NA,NA,NA,1008
100,0.5,"none",1,0.5,"RE",0.871,NA,0.371,0.137,0,0,NA,NA,NA,0,1008
100,0.5,"none",1,0.5,"TF",0.764,NA,0.264,0.07,0.007,0,NA,NA,NA,0,1008
100,0.5,"none",1,0.5,"PEESE",0.649,NA,0.149,0.022,0.301,0,NA,NA,NA,0,1008
100,0.5,"none",1,0.5,"PET",0.459,NA,-0.041,0.002,0.774,0.024,NA,NA,NA,0.024,1008
100,0.5,"none",1,0.5,"PET-PEESE",0.641,NA,0.141,0.02,0.277,0.024,NA,NA,NA,0.024,1008
100,0.5,"none",1,0.5,"pcurve",0.812,0.822,0.312,0.097,0.002,0.002,-0.01,0,0.945,0.002,1008
100,0.8,"none",0,0,"fill",NA,NA,NA,NA,NA,NA,NA,NA,NA,NA,1008
100,0.8,"none",0,0,"RE",0.798,NA,-0.002,0,0.959,0,NA,NA,NA,0,1008
100,0.8,"none",0,0,"TF",0.789,NA,-0.011,0,0.852,0,NA,NA,NA,0,1008
100,0.8,"none",0,0,"PEESE",0.778,NA,-0.022,0,0.896,0,NA,NA,NA,0,1008
100,0.8,"none",0,0,"PET",0.764,NA,-0.036,0.001,0.915,0,NA,NA,NA,0,1008
100,0.8,"none",0,0,"PET-PEESE",0.778,NA,-0.022,0,0.896,0,NA,NA,NA,0,1008
100,0.8,"none",0,0,"pcurve",0.8,0.8,0,0,0.949,0.022,0,0,0.949,0.022,1008
100,0.8,"none",0,0.25,"fill",NA,NA,NA,NA,NA,NA,NA,NA,NA,NA,1008
100,0.8,"none",0,0.25,"RE",0.796,NA,-0.004,0,0.927,0,NA,NA,NA,0,1008
100,0.8,"none",0,0.25,"TF",0.755,NA,-0.045,0.002,0.596,0,NA,NA,NA,0,1008
100,0.8,"none",0,0.25,"PEESE",0.748,NA,-0.052,0.003,0.748,0,NA,NA,NA,0,1008
100,0.8,"none",0,0.25,"PET",0.71,NA,-0.09,0.008,0.754,0,NA,NA,NA,0,1008
100,0.8,"none",0,0.25,"PET-PEESE",0.748,NA,-0.052,0.003,0.748,0,NA,NA,NA,0,1008
100,0.8,"none",0,0.25,"pcurve",0.842,0.799,0.042,0.002,0.826,0.03,0.043,0.002,0.821,0.03,1008
100,0.8,"none",0,0.5,"fill",NA,NA,NA,NA,NA,NA,NA,NA,NA,NA,1008
100,0.8,"none",0,0.5,"RE",0.794,NA,-0.006,0,0.942,0,NA,NA,NA,0,1008
100,0.8,"none",0,0.5,"TF",0.706,NA,-0.094,0.009,0.539,0,NA,NA,NA,0,1008
100,0.8,"none",0,0.5,"PEESE",0.663,NA,-0.137,0.019,0.604,0,NA,NA,NA,0,1008
100,0.8,"none",0,0.5,"PET",0.565,NA,-0.235,0.055,0.624,0.121,NA,NA,NA,0.121,1008
100,0.8,"none",0,0.5,"PET-PEESE",0.63,NA,-0.17,0.029,0.604,0.121,NA,NA,NA,0.121,1008
100,0.8,"none",0,0.5,"pcurve",0.976,0.798,0.176,0.031,0.183,0.033,0.178,0.032,0.177,0.033,1008
100,0.8,"none",0.6,0,"fill",NA,NA,NA,NA,NA,NA,NA,NA,NA,NA,1008
100,0.8,"none",0.6,0,"RE",0.812,NA,0.012,0,0.928,0,NA,NA,NA,0,1008
100,0.8,"none",0.6,0,"TF",0.784,NA,-0.016,0,0.821,0,NA,NA,NA,0,1008
100,0.8,"none",0.6,0,"PEESE",0.76,NA,-0.04,0.002,0.757,0,NA,NA,NA,0,1008
100,0.8,"none",0.6,0,"PET",0.714,NA,-0.086,0.007,0.687,0,NA,NA,NA,0,1008
100,0.8,"none",0.6,0,"PET-PEESE",0.76,NA,-0.04,0.002,0.757,0,NA,NA,NA,0,1008
100,0.8,"none",0.6,0,"pcurve",0.799,0.8,-0.001,0,0.961,0.013,-0.001,0,0.961,0.013,1008
100,0.8,"none",0.6,0.25,"fill",NA,NA,NA,NA,NA,NA,NA,NA,NA,NA,1008
100,0.8,"none",0.6,0.25,"RE",0.846,NA,0.046,0.002,0.694,0,NA,NA,NA,0,1008
100,0.8,"none",0.6,0.25,"TF",0.762,NA,-0.038,0.001,0.599,0,NA,NA,NA,0,1008
100,0.8,"none",0.6,0.25,"PEESE",0.745,NA,-0.055,0.003,0.716,0,NA,NA,NA,0,1008
100,0.8,"none",0.6,0.25,"PET",0.659,NA,-0.141,0.02,0.592,0,NA,NA,NA,0,1008
100,0.8,"none",0.6,0.25,"PET-PEESE",0.745,NA,-0.055,0.003,0.716,0,NA,NA,NA,0,1008
100,0.8,"none",0.6,0.25,"pcurve",0.845,0.829,0.045,0.002,0.794,0.021,0.016,0,0.948,0.021,1008
100,0.8,"none",0.6,0.5,"fill",NA,NA,NA,NA,NA,NA,NA,NA,NA,NA,1008
100,0.8,"none",0.6,0.5,"RE",0.938,NA,0.138,0.019,0.179,0,NA,NA,NA,0,1008
100,0.8,"none",0.6,0.5,"TF",0.817,NA,0.017,0,0.668,0,NA,NA,NA,0,1008
100,0.8,"none",0.6,0.5,"PEESE",0.758,NA,-0.042,0.002,0.797,0,NA,NA,NA,0,1008
100,0.8,"none",0.6,0.5,"PET",0.618,NA,-0.182,0.033,0.647,0.039,NA,NA,NA,0.039,1008
100,0.8,"none",0.6,0.5,"PET-PEESE",0.745,NA,-0.055,0.003,0.793,0.039,NA,NA,NA,0.039,1008
100,0.8,"none",0.6,0.5,"pcurve",0.98,0.918,0.18,0.032,0.109,0.017,0.062,0.004,0.811,0.017,1008
100,0.8,"none",1,0,"fill",NA,NA,NA,NA,NA,NA,NA,NA,NA,NA,1008
100,0.8,"none",1,0,"RE",0.819,NA,0.019,0,0.859,0,NA,NA,NA,0,1008
100,0.8,"none",1,0,"TF",0.779,NA,-0.021,0,0.756,0,NA,NA,NA,0,1008
100,0.8,"none",1,0,"PEESE",0.741,NA,-0.059,0.003,0.496,0,NA,NA,NA,0,1008
100,0.8,"none",1,0,"PET",0.672,NA,-0.128,0.017,0.348,0,NA,NA,NA,0,1008
100,0.8,"none",1,0,"PET-PEESE",0.741,NA,-0.059,0.003,0.496,0,NA,NA,NA,0,1008
100,0.8,"none",1,0,"pcurve",0.799,0.8,-0.001,0,0.946,0.009,-0.001,0,0.946,0.009,1008
100,0.8,"none",1,0.25,"fill",NA,NA,NA,NA,NA,NA,NA,NA,NA,NA,1008
100,0.8,"none",1,0.25,"RE",0.872,NA,0.072,0.005,0.306,0,NA,NA,NA,0,1008
100,0.8,"none",1,0.25,"TF",0.763,NA,-0.037,0.001,0.634,0,NA,NA,NA,0,1008
100,0.8,"none",1,0.25,"PEESE",0.733,NA,-0.067,0.004,0.618,0,NA,NA,NA,0,1008
100,0.8,"none",1,0.25,"PET",0.614,NA,-0.186,0.035,0.397,0,NA,NA,NA,0,1008
100,0.8,"none",1,0.25,"PET-PEESE",0.733,NA,-0.067,0.004,0.618,0,NA,NA,NA,0,1008
100,0.8,"none",1,0.25,"pcurve",0.843,0.846,0.043,0.002,0.806,0.013,-0.003,0,0.965,0.013,1008
100,0.8,"none",1,0.5,"fill",NA,NA,NA,NA,NA,NA,NA,NA,NA,NA,1008
100,0.8,"none",1,0.5,"RE",1.024,NA,0.224,0.05,0,0,NA,NA,NA,0,1008
100,0.8,"none",1,0.5,"TF",0.929,NA,0.129,0.017,0.4,0,NA,NA,NA,0,1008
100,0.8,"none",1,0.5,"PEESE",0.795,NA,-0.005,0,0.812,0,NA,NA,NA,0,1008
100,0.8,"none",1,0.5,"PET",0.605,NA,-0.195,0.038,0.542,0.006,NA,NA,NA,0.006,1008
100,0.8,"none",1,0.5,"PET-PEESE",0.793,NA,-0.007,0,0.812,0.006,NA,NA,NA,0.006,1008
100,0.8,"none",1,0.5,"pcurve",0.979,0.995,0.179,0.032,0.077,0.011,-0.016,0,0.931,0.011,1008
